,Year,Province_of_Study,Dguid,Levelofstudy,Statistics,Unit_of_measure,Value,Percent
0,2000,Newfoundland and Labrador,2016A000210,College,Number of graduates,Number,1700.0,0.0
1,2000,Newfoundland and Labrador,2016A000210,College,Females,Percent,50.0,0.0
2,2000,Newfoundland and Labrador,2016A000210,College,Average age at graduation,Years,26.0,0.0
3,2000,Newfoundland and Labrador,2016A000210,College,Median age at graduation,Years,23.0,0.0
4,2000,Newfoundland and Labrador,2016A000210,College,Under age 25 at graduation,Percent,63.0,0.0
5,2000,Newfoundland and Labrador,2016A000210,College,Pursued further postsecondary education between graduation and time of interview,Percent,19.0,0.0
6,2000,Newfoundland and Labrador,2016A000210,Bachelor's,Number of graduates,Number,1800.0,0.0
7,2000,Newfoundland and Labrador,2016A000210,Bachelor's,Females,Percent,66.0,0.0
8,2000,Newfoundland and Labrador,2016A000210,Bachelor's,Average age at graduation,Years,25.0,0.0
9,2000,Newfoundland and Labrador,2016A000210,Bachelor's,Median age at graduation,Years,23.0,0.0
10,2000,Newfoundland and Labrador,2016A000210,Bachelor's,Under age 25 at graduation,Percent,69.0,0.0
11,2000,Newfoundland and Labrador,2016A000210,Bachelor's,Pursued further postsecondary education between graduation and time of interview,Percent,41.0,0.0
12,2000,Newfoundland and Labrador,2016A000210,Master's,Number of graduates,Number,300.0,0.0
13,2000,Newfoundland and Labrador,2016A000210,Master's,Females,Percent,54.0,0.0
14,2000,Newfoundland and Labrador,2016A000210,Master's,Average age at graduation,Years,31.0,0.0
15,2000,Newfoundland and Labrador,2016A000210,Master's,Median age at graduation,Years,30.0,0.0
16,2000,Newfoundland and Labrador,2016A000210,Master's,Under age 25 at graduation,Percent,17.0,0.0
17,2000,Newfoundland and Labrador,2016A000210,Master's,Pursued further postsecondary education between graduation and time of interview,Percent,24.0,0.0
18,2000,Newfoundland and Labrador,2016A000210,Doctorate,Number of graduates,Number,0.0,0.0
19,2000,Newfoundland and Labrador,2016A000210,Doctorate,Females,Percent,0.0,0.0
20,2000,Newfoundland and Labrador,2016A000210,Doctorate,Average age at graduation,Years,34.0,0.0
21,2000,Newfoundland and Labrador,2016A000210,Doctorate,Median age at graduation,Years,34.0,0.0
22,2000,Newfoundland and Labrador,2016A000210,Doctorate,Under age 25 at graduation,Percent,0.0,0.0
23,2000,Newfoundland and Labrador,2016A000210,Doctorate,Pursued further postsecondary education between graduation and time of interview,Percent,0.0,0.0
24,2000,Prince Edward Island,2016A000211,College,Number of graduates,Number,1000.0,0.0
25,2000,Prince Edward Island,2016A000211,College,Females,Percent,50.0,0.0
26,2000,Prince Edward Island,2016A000211,College,Average age at graduation,Years,25.0,0.0
27,2000,Prince Edward Island,2016A000211,College,Median age at graduation,Years,23.0,0.0
28,2000,Prince Edward Island,2016A000211,College,Under age 25 at graduation,Percent,60.0,0.0
29,2000,Prince Edward Island,2016A000211,College,Pursued further postsecondary education between graduation and time of interview,Percent,15.0,0.0
30,2000,Prince Edward Island,2016A000211,Bachelor's,Number of graduates,Number,500.0,0.0
31,2000,Prince Edward Island,2016A000211,Bachelor's,Females,Percent,62.0,0.0
32,2000,Prince Edward Island,2016A000211,Bachelor's,Average age at graduation,Years,25.0,0.0
33,2000,Prince Edward Island,2016A000211,Bachelor's,Median age at graduation,Years,22.0,0.0
34,2000,Prince Edward Island,2016A000211,Bachelor's,Under age 25 at graduation,Percent,71.0,0.0
35,2000,Prince Edward Island,2016A000211,Bachelor's,Pursued further postsecondary education between graduation and time of interview,Percent,49.0,0.0
36,2000,Prince Edward Island,2016A000211,Master's,Number of graduates,Number,0.0,0.0
37,2000,Prince Edward Island,2016A000211,Master's,Females,Percent,77.0,0.0
38,2000,Prince Edward Island,2016A000211,Master's,Average age at graduation,Years,33.0,0.0
39,2000,Prince Edward Island,2016A000211,Master's,Median age at graduation,Years,0.0,0.0
40,2000,Prince Edward Island,2016A000211,Master's,Under age 25 at graduation,Percent,0.0,0.0
41,2000,Prince Edward Island,2016A000211,Master's,Pursued further postsecondary education between graduation and time of interview,Percent,0.0,0.0
42,2000,Prince Edward Island,2016A000211,Doctorate,Number of graduates,Number,0.0,0.0
43,2000,Prince Edward Island,2016A000211,Doctorate,Females,Percent,0.0,0.0
44,2000,Prince Edward Island,2016A000211,Doctorate,Average age at graduation,Years,27.0,0.0
45,2000,Prince Edward Island,2016A000211,Doctorate,Median age at graduation,Years,0.0,0.0
46,2000,Prince Edward Island,2016A000211,Doctorate,Under age 25 at graduation,Percent,0.0,0.0
47,2000,Prince Edward Island,2016A000211,Doctorate,Pursued further postsecondary education between graduation and time of interview,Percent,0.0,0.0
48,2000,Nova Scotia,2016A000212,College,Number of graduates,Number,3800.0,0.0
49,2000,Nova Scotia,2016A000212,College,Females,Percent,53.0,0.0
50,2000,Nova Scotia,2016A000212,College,Average age at graduation,Years,27.0,0.0
51,2000,Nova Scotia,2016A000212,College,Median age at graduation,Years,23.0,0.0
52,2000,Nova Scotia,2016A000212,College,Under age 25 at graduation,Percent,56.0,0.0
53,2000,Nova Scotia,2016A000212,College,Pursued further postsecondary education between graduation and time of interview,Percent,25.0,0.0
54,2000,Nova Scotia,2016A000212,Bachelor's,Number of graduates,Number,5400.0,0.0
55,2000,Nova Scotia,2016A000212,Bachelor's,Females,Percent,62.0,0.0
56,2000,Nova Scotia,2016A000212,Bachelor's,Average age at graduation,Years,25.0,0.0
57,2000,Nova Scotia,2016A000212,Bachelor's,Median age at graduation,Years,23.0,0.0
58,2000,Nova Scotia,2016A000212,Bachelor's,Under age 25 at graduation,Percent,69.0,0.0
59,2000,Nova Scotia,2016A000212,Bachelor's,Pursued further postsecondary education between graduation and time of interview,Percent,42.0,0.0
60,2000,Nova Scotia,2016A000212,Master's,Number of graduates,Number,1000.0,0.0
61,2000,Nova Scotia,2016A000212,Master's,Females,Percent,62.0,0.0
62,2000,Nova Scotia,2016A000212,Master's,Average age at graduation,Years,35.0,0.0
63,2000,Nova Scotia,2016A000212,Master's,Median age at graduation,Years,33.0,0.0
64,2000,Nova Scotia,2016A000212,Master's,Under age 25 at graduation,Percent,15.0,0.0
65,2000,Nova Scotia,2016A000212,Master's,Pursued further postsecondary education between graduation and time of interview,Percent,20.0,0.0
66,2000,Nova Scotia,2016A000212,Doctorate,Number of graduates,Number,100.0,0.0
67,2000,Nova Scotia,2016A000212,Doctorate,Females,Percent,37.0,0.0
68,2000,Nova Scotia,2016A000212,Doctorate,Average age at graduation,Years,35.0,0.0
69,2000,Nova Scotia,2016A000212,Doctorate,Median age at graduation,Years,32.0,0.0
70,2000,Nova Scotia,2016A000212,Doctorate,Under age 25 at graduation,Percent,0.0,0.0
71,2000,Nova Scotia,2016A000212,Doctorate,Pursued further postsecondary education between graduation and time of interview,Percent,0.0,0.0
72,2000,New Brunswick,2016A000213,College,Number of graduates,Number,2600.0,0.0
73,2000,New Brunswick,2016A000213,College,Females,Percent,45.0,0.0
74,2000,New Brunswick,2016A000213,College,Average age at graduation,Years,25.0,0.0
75,2000,New Brunswick,2016A000213,College,Median age at graduation,Years,22.0,0.0
76,2000,New Brunswick,2016A000213,College,Under age 25 at graduation,Percent,66.0,0.0
77,2000,New Brunswick,2016A000213,College,Pursued further postsecondary education between graduation and time of interview,Percent,16.0,0.0
78,2000,New Brunswick,2016A000213,Bachelor's,Number of graduates,Number,3200.0,0.0
79,2000,New Brunswick,2016A000213,Bachelor's,Females,Percent,62.0,0.0
80,2000,New Brunswick,2016A000213,Bachelor's,Average age at graduation,Years,25.0,0.0
81,2000,New Brunswick,2016A000213,Bachelor's,Median age at graduation,Years,23.0,0.0
82,2000,New Brunswick,2016A000213,Bachelor's,Under age 25 at graduation,Percent,74.0,0.0
83,2000,New Brunswick,2016A000213,Bachelor's,Pursued further postsecondary education between graduation and time of interview,Percent,36.0,0.0
84,2000,New Brunswick,2016A000213,Master's,Number of graduates,Number,400.0,0.0
85,2000,New Brunswick,2016A000213,Master's,Females,Percent,53.0,0.0
86,2000,New Brunswick,2016A000213,Master's,Average age at graduation,Years,33.0,0.0
87,2000,New Brunswick,2016A000213,Master's,Median age at graduation,Years,30.0,0.0
88,2000,New Brunswick,2016A000213,Master's,Under age 25 at graduation,Percent,13.0,0.0
89,2000,New Brunswick,2016A000213,Master's,Pursued further postsecondary education between graduation and time of interview,Percent,20.0,0.0
90,2000,New Brunswick,2016A000213,Doctorate,Number of graduates,Number,0.0,0.0
91,2000,New Brunswick,2016A000213,Doctorate,Females,Percent,24.0,0.0
92,2000,New Brunswick,2016A000213,Doctorate,Average age at graduation,Years,36.0,0.0
93,2000,New Brunswick,2016A000213,Doctorate,Median age at graduation,Years,37.0,0.0
94,2000,New Brunswick,2016A000213,Doctorate,Under age 25 at graduation,Percent,0.0,0.0
95,2000,New Brunswick,2016A000213,Doctorate,Pursued further postsecondary education between graduation and time of interview,Percent,0.0,0.0
96,2000,Quebec,2016A000224,College,Number of graduates,Number,15600.0,0.0
97,2000,Quebec,2016A000224,College,Females,Percent,56.0,0.0
98,2000,Quebec,2016A000224,College,Average age at graduation,Years,23.0,0.0
99,2000,Quebec,2016A000224,College,Median age at graduation,Years,21.0,0.0
100,2000,Quebec,2016A000224,College,Under age 25 at graduation,Percent,82.0,0.0
101,2000,Quebec,2016A000224,College,Pursued further postsecondary education between graduation and time of interview,Percent,35.0,0.0
102,2000,Quebec,2016A000224,Bachelor's,Number of graduates,Number,33200.0,0.0
103,2000,Quebec,2016A000224,Bachelor's,Females,Percent,61.0,0.0
104,2000,Quebec,2016A000224,Bachelor's,Average age at graduation,Years,28.0,0.0
105,2000,Quebec,2016A000224,Bachelor's,Median age at graduation,Years,24.0,0.0
106,2000,Quebec,2016A000224,Bachelor's,Under age 25 at graduation,Percent,55.0,0.0
107,2000,Quebec,2016A000224,Bachelor's,Pursued further postsecondary education between graduation and time of interview,Percent,42.0,0.0
108,2000,Quebec,2016A000224,Master's,Number of graduates,Number,8700.0,0.0
109,2000,Quebec,2016A000224,Master's,Females,Percent,56.0,0.0
110,2000,Quebec,2016A000224,Master's,Average age at graduation,Years,32.0,0.0
111,2000,Quebec,2016A000224,Master's,Median age at graduation,Years,29.0,0.0
112,2000,Quebec,2016A000224,Master's,Under age 25 at graduation,Percent,16.0,0.0
113,2000,Quebec,2016A000224,Master's,Pursued further postsecondary education between graduation and time of interview,Percent,28.0,0.0
114,2000,Quebec,2016A000224,Doctorate,Number of graduates,Number,1500.0,0.0
115,2000,Quebec,2016A000224,Doctorate,Females,Percent,46.0,0.0
116,2000,Quebec,2016A000224,Doctorate,Average age at graduation,Years,34.0,0.0
117,2000,Quebec,2016A000224,Doctorate,Median age at graduation,Years,32.0,0.0
118,2000,Quebec,2016A000224,Doctorate,Under age 25 at graduation,Percent,8.0,0.0
119,2000,Quebec,2016A000224,Doctorate,Pursued further postsecondary education between graduation and time of interview,Percent,17.0,0.0
120,2000,Ontario,2016A000235,College,Number of graduates,Number,51300.0,0.0
121,2000,Ontario,2016A000235,College,Females,Percent,58.0,0.0
122,2000,Ontario,2016A000235,College,Average age at graduation,Years,27.0,0.0
123,2000,Ontario,2016A000235,College,Median age at graduation,Years,23.0,0.0
124,2000,Ontario,2016A000235,College,Under age 25 at graduation,Percent,57.0,0.0
125,2000,Ontario,2016A000235,College,Pursued further postsecondary education between graduation and time of interview,Percent,24.0,0.0
126,2000,Ontario,2016A000235,Bachelor's,Number of graduates,Number,52400.0,0.0
127,2000,Ontario,2016A000235,Bachelor's,Females,Percent,61.0,0.0
128,2000,Ontario,2016A000235,Bachelor's,Average age at graduation,Years,25.0,0.0
129,2000,Ontario,2016A000235,Bachelor's,Median age at graduation,Years,23.0,0.0
130,2000,Ontario,2016A000235,Bachelor's,Under age 25 at graduation,Percent,67.0,0.0
131,2000,Ontario,2016A000235,Bachelor's,Pursued further postsecondary education between graduation and time of interview,Percent,43.0,0.0
132,2000,Ontario,2016A000235,Master's,Number of graduates,Number,12100.0,0.0
133,2000,Ontario,2016A000235,Master's,Females,Percent,59.0,0.0
134,2000,Ontario,2016A000235,Master's,Average age at graduation,Years,31.0,0.0
135,2000,Ontario,2016A000235,Master's,Median age at graduation,Years,27.0,0.0
136,2000,Ontario,2016A000235,Master's,Under age 25 at graduation,Percent,22.0,0.0
137,2000,Ontario,2016A000235,Master's,Pursued further postsecondary education between graduation and time of interview,Percent,33.0,0.0
138,2000,Ontario,2016A000235,Doctorate,Number of graduates,Number,1500.0,0.0
139,2000,Ontario,2016A000235,Doctorate,Females,Percent,43.0,0.0
140,2000,Ontario,2016A000235,Doctorate,Average age at graduation,Years,36.0,0.0
141,2000,Ontario,2016A000235,Doctorate,Median age at graduation,Years,33.0,0.0
142,2000,Ontario,2016A000235,Doctorate,Under age 25 at graduation,Percent,0.0,0.0
143,2000,Ontario,2016A000235,Doctorate,Pursued further postsecondary education between graduation and time of interview,Percent,5.0,0.0
144,2000,Manitoba,2016A000246,College,Number of graduates,Number,2500.0,0.0
145,2000,Manitoba,2016A000246,College,Females,Percent,61.0,0.0
146,2000,Manitoba,2016A000246,College,Average age at graduation,Years,27.0,0.0
147,2000,Manitoba,2016A000246,College,Median age at graduation,Years,24.0,0.0
148,2000,Manitoba,2016A000246,College,Under age 25 at graduation,Percent,56.0,0.0
149,2000,Manitoba,2016A000246,College,Pursued further postsecondary education between graduation and time of interview,Percent,21.0,0.0
150,2000,Manitoba,2016A000246,Bachelor's,Number of graduates,Number,4500.0,0.0
151,2000,Manitoba,2016A000246,Bachelor's,Females,Percent,61.0,0.0
152,2000,Manitoba,2016A000246,Bachelor's,Average age at graduation,Years,26.0,0.0
153,2000,Manitoba,2016A000246,Bachelor's,Median age at graduation,Years,23.0,0.0
154,2000,Manitoba,2016A000246,Bachelor's,Under age 25 at graduation,Percent,66.0,0.0
155,2000,Manitoba,2016A000246,Bachelor's,Pursued further postsecondary education between graduation and time of interview,Percent,36.0,0.0
156,2000,Manitoba,2016A000246,Master's,Number of graduates,Number,600.0,0.0
157,2000,Manitoba,2016A000246,Master's,Females,Percent,60.0,0.0
158,2000,Manitoba,2016A000246,Master's,Average age at graduation,Years,33.0,0.0
159,2000,Manitoba,2016A000246,Master's,Median age at graduation,Years,31.0,0.0
160,2000,Manitoba,2016A000246,Master's,Under age 25 at graduation,Percent,11.0,0.0
161,2000,Manitoba,2016A000246,Master's,Pursued further postsecondary education between graduation and time of interview,Percent,23.0,0.0
162,2000,Manitoba,2016A000246,Doctorate,Number of graduates,Number,100.0,0.0
163,2000,Manitoba,2016A000246,Doctorate,Females,Percent,42.0,0.0
164,2000,Manitoba,2016A000246,Doctorate,Average age at graduation,Years,36.0,0.0
165,2000,Manitoba,2016A000246,Doctorate,Median age at graduation,Years,34.0,0.0
166,2000,Manitoba,2016A000246,Doctorate,Under age 25 at graduation,Percent,0.0,0.0
167,2000,Manitoba,2016A000246,Doctorate,Pursued further postsecondary education between graduation and time of interview,Percent,0.0,0.0
168,2000,Saskatchewan,2016A000247,College,Number of graduates,Number,2600.0,0.0
169,2000,Saskatchewan,2016A000247,College,Females,Percent,63.0,0.0
170,2000,Saskatchewan,2016A000247,College,Average age at graduation,Years,27.0,0.0
171,2000,Saskatchewan,2016A000247,College,Median age at graduation,Years,23.0,0.0
172,2000,Saskatchewan,2016A000247,College,Under age 25 at graduation,Percent,56.0,0.0
173,2000,Saskatchewan,2016A000247,College,Pursued further postsecondary education between graduation and time of interview,Percent,17.0,0.0
174,2000,Saskatchewan,2016A000247,Bachelor's,Number of graduates,Number,4500.0,0.0
175,2000,Saskatchewan,2016A000247,Bachelor's,Females,Percent,62.0,0.0
176,2000,Saskatchewan,2016A000247,Bachelor's,Average age at graduation,Years,26.0,0.0
177,2000,Saskatchewan,2016A000247,Bachelor's,Median age at graduation,Years,24.0,0.0
178,2000,Saskatchewan,2016A000247,Bachelor's,Under age 25 at graduation,Percent,61.0,0.0
179,2000,Saskatchewan,2016A000247,Bachelor's,Pursued further postsecondary education between graduation and time of interview,Percent,30.0,0.0
180,2000,Saskatchewan,2016A000247,Master's,Number of graduates,Number,700.0,0.0
181,2000,Saskatchewan,2016A000247,Master's,Females,Percent,50.0,0.0
182,2000,Saskatchewan,2016A000247,Master's,Average age at graduation,Years,33.0,0.0
183,2000,Saskatchewan,2016A000247,Master's,Median age at graduation,Years,31.0,0.0
184,2000,Saskatchewan,2016A000247,Master's,Under age 25 at graduation,Percent,16.0,0.0
185,2000,Saskatchewan,2016A000247,Master's,Pursued further postsecondary education between graduation and time of interview,Percent,22.0,0.0
186,2000,Saskatchewan,2016A000247,Doctorate,Number of graduates,Number,100.0,0.0
187,2000,Saskatchewan,2016A000247,Doctorate,Females,Percent,30.0,0.0
188,2000,Saskatchewan,2016A000247,Doctorate,Average age at graduation,Years,33.0,0.0
189,2000,Saskatchewan,2016A000247,Doctorate,Median age at graduation,Years,31.0,0.0
190,2000,Saskatchewan,2016A000247,Doctorate,Under age 25 at graduation,Percent,0.0,0.0
191,2000,Saskatchewan,2016A000247,Doctorate,Pursued further postsecondary education between graduation and time of interview,Percent,15.0,0.0
192,2000,Alberta,2016A000248,College,Number of graduates,Number,5500.0,0.0
193,2000,Alberta,2016A000248,College,Females,Percent,58.0,0.0
194,2000,Alberta,2016A000248,College,Average age at graduation,Years,27.0,0.0
195,2000,Alberta,2016A000248,College,Median age at graduation,Years,24.0,0.0
196,2000,Alberta,2016A000248,College,Under age 25 at graduation,Percent,55.0,0.0
197,2000,Alberta,2016A000248,College,Pursued further postsecondary education between graduation and time of interview,Percent,23.0,0.0
198,2000,Alberta,2016A000248,Bachelor's,Number of graduates,Number,11100.0,0.0
199,2000,Alberta,2016A000248,Bachelor's,Females,Percent,60.0,0.0
200,2000,Alberta,2016A000248,Bachelor's,Average age at graduation,Years,26.0,0.0
201,2000,Alberta,2016A000248,Bachelor's,Median age at graduation,Years,23.0,0.0
202,2000,Alberta,2016A000248,Bachelor's,Under age 25 at graduation,Percent,62.0,0.0
203,2000,Alberta,2016A000248,Bachelor's,Pursued further postsecondary education between graduation and time of interview,Percent,32.0,0.0
204,2000,Alberta,2016A000248,Master's,Number of graduates,Number,2000.0,0.0
205,2000,Alberta,2016A000248,Master's,Females,Percent,56.0,0.0
206,2000,Alberta,2016A000248,Master's,Average age at graduation,Years,35.0,0.0
207,2000,Alberta,2016A000248,Master's,Median age at graduation,Years,32.0,0.0
208,2000,Alberta,2016A000248,Master's,Under age 25 at graduation,Percent,7.0,0.0
209,2000,Alberta,2016A000248,Master's,Pursued further postsecondary education between graduation and time of interview,Percent,19.0,0.0
210,2000,Alberta,2016A000248,Doctorate,Number of graduates,Number,500.0,0.0
211,2000,Alberta,2016A000248,Doctorate,Females,Percent,43.0,0.0
212,2000,Alberta,2016A000248,Doctorate,Average age at graduation,Years,35.0,0.0
213,2000,Alberta,2016A000248,Doctorate,Median age at graduation,Years,33.0,0.0
214,2000,Alberta,2016A000248,Doctorate,Under age 25 at graduation,Percent,0.0,0.0
215,2000,Alberta,2016A000248,Doctorate,Pursued further postsecondary education between graduation and time of interview,Percent,13.0,0.0
216,2000,British Columbia,2016A000259,College,Number of graduates,Number,14600.0,0.0
217,2000,British Columbia,2016A000259,College,Females,Percent,57.0,0.0
218,2000,British Columbia,2016A000259,College,Average age at graduation,Years,29.0,0.0
219,2000,British Columbia,2016A000259,College,Median age at graduation,Years,26.0,0.0
220,2000,British Columbia,2016A000259,College,Under age 25 at graduation,Percent,43.0,0.0
221,2000,British Columbia,2016A000259,College,Pursued further postsecondary education between graduation and time of interview,Percent,29.0,0.0
222,2000,British Columbia,2016A000259,Bachelor's,Number of graduates,Number,15900.0,0.0
223,2000,British Columbia,2016A000259,Bachelor's,Females,Percent,61.0,0.0
224,2000,British Columbia,2016A000259,Bachelor's,Average age at graduation,Years,27.0,0.0
225,2000,British Columbia,2016A000259,Bachelor's,Median age at graduation,Years,24.0,0.0
226,2000,British Columbia,2016A000259,Bachelor's,Under age 25 at graduation,Percent,58.0,0.0
227,2000,British Columbia,2016A000259,Bachelor's,Pursued further postsecondary education between graduation and time of interview,Percent,38.0,0.0
228,2000,British Columbia,2016A000259,Master's,Number of graduates,Number,3300.0,0.0
229,2000,British Columbia,2016A000259,Master's,Females,Percent,59.0,0.0
230,2000,British Columbia,2016A000259,Master's,Average age at graduation,Years,34.0,0.0
231,2000,British Columbia,2016A000259,Master's,Median age at graduation,Years,32.0,0.0
232,2000,British Columbia,2016A000259,Master's,Under age 25 at graduation,Percent,11.0,0.0
233,2000,British Columbia,2016A000259,Master's,Pursued further postsecondary education between graduation and time of interview,Percent,22.0,0.0
234,2000,British Columbia,2016A000259,Doctorate,Number of graduates,Number,500.0,0.0
235,2000,British Columbia,2016A000259,Doctorate,Females,Percent,38.0,0.0
236,2000,British Columbia,2016A000259,Doctorate,Average age at graduation,Years,36.0,0.0
237,2000,British Columbia,2016A000259,Doctorate,Median age at graduation,Years,34.0,0.0
238,2000,British Columbia,2016A000259,Doctorate,Under age 25 at graduation,Percent,0.0,0.0
239,2000,British Columbia,2016A000259,Doctorate,Pursued further postsecondary education between graduation and time of interview,Percent,5.0,0.0
240,2005,Newfoundland and Labrador,2016A000210,College,Number of graduates,Number,800.0,-52.94117647058824
241,2005,Newfoundland and Labrador,2016A000210,College,Females,Percent,64.0,28.000000000000004
242,2005,Newfoundland and Labrador,2016A000210,College,Average age at graduation,Years,27.0,3.8461538461538463
243,2005,Newfoundland and Labrador,2016A000210,College,Median age at graduation,Years,24.0,4.3478260869565215
244,2005,Newfoundland and Labrador,2016A000210,College,Under age 25 at graduation,Percent,58.0,-7.936507936507936
245,2005,Newfoundland and Labrador,2016A000210,College,Pursued further postsecondary education between graduation and time of interview,Percent,21.0,10.526315789473683
246,2005,Newfoundland and Labrador,2016A000210,Bachelor's,Number of graduates,Number,2600.0,44.44444444444444
247,2005,Newfoundland and Labrador,2016A000210,Bachelor's,Females,Percent,67.0,1.5151515151515151
248,2005,Newfoundland and Labrador,2016A000210,Bachelor's,Average age at graduation,Years,26.0,4.0
249,2005,Newfoundland and Labrador,2016A000210,Bachelor's,Median age at graduation,Years,23.0,0.0
250,2005,Newfoundland and Labrador,2016A000210,Bachelor's,Under age 25 at graduation,Percent,65.0,-5.797101449275362
251,2005,Newfoundland and Labrador,2016A000210,Bachelor's,Pursued further postsecondary education between graduation and time of interview,Percent,38.0,-7.317073170731707
252,2005,Newfoundland and Labrador,2016A000210,Master's,Number of graduates,Number,500.0,66.66666666666666
253,2005,Newfoundland and Labrador,2016A000210,Master's,Females,Percent,55.0,1.8518518518518516
254,2005,Newfoundland and Labrador,2016A000210,Master's,Average age at graduation,Years,33.0,6.451612903225806
255,2005,Newfoundland and Labrador,2016A000210,Master's,Median age at graduation,Years,31.0,3.3333333333333335
256,2005,Newfoundland and Labrador,2016A000210,Master's,Under age 25 at graduation,Percent,8.0,-52.94117647058824
257,2005,Newfoundland and Labrador,2016A000210,Master's,Pursued further postsecondary education between graduation and time of interview,Percent,21.0,-12.5
258,2005,Newfoundland and Labrador,2016A000210,Doctorate,Number of graduates,Number,0.0,0.0
259,2005,Newfoundland and Labrador,2016A000210,Doctorate,Females,Percent,38.0,0.0
260,2005,Newfoundland and Labrador,2016A000210,Doctorate,Average age at graduation,Years,36.0,5.88235294117647
261,2005,Newfoundland and Labrador,2016A000210,Doctorate,Median age at graduation,Years,35.0,2.941176470588235
262,2005,Newfoundland and Labrador,2016A000210,Doctorate,Under age 25 at graduation,Percent,0.0,0.0
263,2005,Newfoundland and Labrador,2016A000210,Doctorate,Pursued further postsecondary education between graduation and time of interview,Percent,0.0,0.0
264,2005,Prince Edward Island,2016A000211,College,Number of graduates,Number,800.0,-20.0
265,2005,Prince Edward Island,2016A000211,College,Females,Percent,45.0,-10.0
266,2005,Prince Edward Island,2016A000211,College,Average age at graduation,Years,26.0,4.0
267,2005,Prince Edward Island,2016A000211,College,Median age at graduation,Years,23.0,0.0
268,2005,Prince Edward Island,2016A000211,College,Under age 25 at graduation,Percent,63.0,5.0
269,2005,Prince Edward Island,2016A000211,College,Pursued further postsecondary education between graduation and time of interview,Percent,19.0,26.666666666666668
270,2005,Prince Edward Island,2016A000211,Bachelor's,Number of graduates,Number,700.0,40.0
271,2005,Prince Edward Island,2016A000211,Bachelor's,Females,Percent,70.0,12.903225806451612
272,2005,Prince Edward Island,2016A000211,Bachelor's,Average age at graduation,Years,25.0,0.0
273,2005,Prince Edward Island,2016A000211,Bachelor's,Median age at graduation,Years,23.0,4.545454545454546
274,2005,Prince Edward Island,2016A000211,Bachelor's,Under age 25 at graduation,Percent,71.0,0.0
275,2005,Prince Edward Island,2016A000211,Bachelor's,Pursued further postsecondary education between graduation and time of interview,Percent,47.0,-4.081632653061225
276,2005,Prince Edward Island,2016A000211,Master's,Number of graduates,Number,0.0,0.0
277,2005,Prince Edward Island,2016A000211,Master's,Females,Percent,79.0,2.5974025974025974
278,2005,Prince Edward Island,2016A000211,Master's,Average age at graduation,Years,41.0,24.242424242424242
279,2005,Prince Edward Island,2016A000211,Master's,Median age at graduation,Years,40.0,0.0
280,2005,Prince Edward Island,2016A000211,Master's,Under age 25 at graduation,Percent,0.0,0.0
281,2005,Prince Edward Island,2016A000211,Master's,Pursued further postsecondary education between graduation and time of interview,Percent,22.0,0.0
282,2005,Prince Edward Island,2016A000211,Doctorate,Number of graduates,Number,0.0,0.0
283,2005,Prince Edward Island,2016A000211,Doctorate,Females,Percent,0.0,0.0
284,2005,Prince Edward Island,2016A000211,Doctorate,Average age at graduation,Years,0.0,-100.0
285,2005,Prince Edward Island,2016A000211,Doctorate,Median age at graduation,Years,0.0,0.0
286,2005,Prince Edward Island,2016A000211,Doctorate,Under age 25 at graduation,Percent,0.0,0.0
287,2005,Prince Edward Island,2016A000211,Doctorate,Pursued further postsecondary education between graduation and time of interview,Percent,0.0,0.0
288,2005,Nova Scotia,2016A000212,College,Number of graduates,Number,2900.0,-23.684210526315788
289,2005,Nova Scotia,2016A000212,College,Females,Percent,51.0,-3.7735849056603774
290,2005,Nova Scotia,2016A000212,College,Average age at graduation,Years,27.0,0.0
291,2005,Nova Scotia,2016A000212,College,Median age at graduation,Years,23.0,0.0
292,2005,Nova Scotia,2016A000212,College,Under age 25 at graduation,Percent,58.0,3.571428571428571
293,2005,Nova Scotia,2016A000212,College,Pursued further postsecondary education between graduation and time of interview,Percent,12.0,-52.0
294,2005,Nova Scotia,2016A000212,Bachelor's,Number of graduates,Number,6700.0,24.074074074074073
295,2005,Nova Scotia,2016A000212,Bachelor's,Females,Percent,61.0,-1.6129032258064515
296,2005,Nova Scotia,2016A000212,Bachelor's,Average age at graduation,Years,25.0,0.0
297,2005,Nova Scotia,2016A000212,Bachelor's,Median age at graduation,Years,23.0,0.0
298,2005,Nova Scotia,2016A000212,Bachelor's,Under age 25 at graduation,Percent,69.0,0.0
299,2005,Nova Scotia,2016A000212,Bachelor's,Pursued further postsecondary education between graduation and time of interview,Percent,43.0,2.380952380952381
300,2005,Nova Scotia,2016A000212,Master's,Number of graduates,Number,1600.0,60.0
301,2005,Nova Scotia,2016A000212,Master's,Females,Percent,59.0,-4.838709677419355
302,2005,Nova Scotia,2016A000212,Master's,Average age at graduation,Years,34.0,-2.857142857142857
303,2005,Nova Scotia,2016A000212,Master's,Median age at graduation,Years,32.0,-3.0303030303030303
304,2005,Nova Scotia,2016A000212,Master's,Under age 25 at graduation,Percent,10.0,-33.33333333333333
305,2005,Nova Scotia,2016A000212,Master's,Pursued further postsecondary education between graduation and time of interview,Percent,21.0,5.0
306,2005,Nova Scotia,2016A000212,Doctorate,Number of graduates,Number,100.0,0.0
307,2005,Nova Scotia,2016A000212,Doctorate,Females,Percent,44.0,18.91891891891892
308,2005,Nova Scotia,2016A000212,Doctorate,Average age at graduation,Years,33.0,-5.714285714285714
309,2005,Nova Scotia,2016A000212,Doctorate,Median age at graduation,Years,30.0,-6.25
310,2005,Nova Scotia,2016A000212,Doctorate,Under age 25 at graduation,Percent,0.0,0.0
311,2005,Nova Scotia,2016A000212,Doctorate,Pursued further postsecondary education between graduation and time of interview,Percent,0.0,0.0
312,2005,New Brunswick,2016A000213,College,Number of graduates,Number,2700.0,3.8461538461538463
313,2005,New Brunswick,2016A000213,College,Females,Percent,48.0,6.666666666666667
314,2005,New Brunswick,2016A000213,College,Average age at graduation,Years,26.0,4.0
315,2005,New Brunswick,2016A000213,College,Median age at graduation,Years,23.0,4.545454545454546
316,2005,New Brunswick,2016A000213,College,Under age 25 at graduation,Percent,61.0,-7.575757575757576
317,2005,New Brunswick,2016A000213,College,Pursued further postsecondary education between graduation and time of interview,Percent,15.0,-6.25
318,2005,New Brunswick,2016A000213,Bachelor's,Number of graduates,Number,3900.0,21.875
319,2005,New Brunswick,2016A000213,Bachelor's,Females,Percent,62.0,0.0
320,2005,New Brunswick,2016A000213,Bachelor's,Average age at graduation,Years,25.0,0.0
321,2005,New Brunswick,2016A000213,Bachelor's,Median age at graduation,Years,23.0,0.0
322,2005,New Brunswick,2016A000213,Bachelor's,Under age 25 at graduation,Percent,69.0,-6.756756756756757
323,2005,New Brunswick,2016A000213,Bachelor's,Pursued further postsecondary education between graduation and time of interview,Percent,40.0,11.11111111111111
324,2005,New Brunswick,2016A000213,Master's,Number of graduates,Number,500.0,25.0
325,2005,New Brunswick,2016A000213,Master's,Females,Percent,50.0,-5.660377358490567
326,2005,New Brunswick,2016A000213,Master's,Average age at graduation,Years,33.0,0.0
327,2005,New Brunswick,2016A000213,Master's,Median age at graduation,Years,31.0,3.3333333333333335
328,2005,New Brunswick,2016A000213,Master's,Under age 25 at graduation,Percent,15.0,15.384615384615385
329,2005,New Brunswick,2016A000213,Master's,Pursued further postsecondary education between graduation and time of interview,Percent,23.0,15.0
330,2005,New Brunswick,2016A000213,Doctorate,Number of graduates,Number,0.0,0.0
331,2005,New Brunswick,2016A000213,Doctorate,Females,Percent,54.0,125.0
332,2005,New Brunswick,2016A000213,Doctorate,Average age at graduation,Years,37.0,2.7777777777777777
333,2005,New Brunswick,2016A000213,Doctorate,Median age at graduation,Years,36.0,-2.7027027027027026
334,2005,New Brunswick,2016A000213,Doctorate,Under age 25 at graduation,Percent,0.0,0.0
335,2005,New Brunswick,2016A000213,Doctorate,Pursued further postsecondary education between graduation and time of interview,Percent,0.0,0.0
336,2005,Quebec,2016A000224,College,Number of graduates,Number,22600.0,44.871794871794876
337,2005,Quebec,2016A000224,College,Females,Percent,59.0,5.357142857142857
338,2005,Quebec,2016A000224,College,Average age at graduation,Years,26.0,13.043478260869565
339,2005,Quebec,2016A000224,College,Median age at graduation,Years,23.0,9.523809523809524
340,2005,Quebec,2016A000224,College,Under age 25 at graduation,Percent,63.0,-23.170731707317074
341,2005,Quebec,2016A000224,College,Pursued further postsecondary education between graduation and time of interview,Percent,34.0,-2.857142857142857
342,2005,Quebec,2016A000224,Bachelor's,Number of graduates,Number,41800.0,25.903614457831324
343,2005,Quebec,2016A000224,Bachelor's,Females,Percent,64.0,4.918032786885246
344,2005,Quebec,2016A000224,Bachelor's,Average age at graduation,Years,28.0,0.0
345,2005,Quebec,2016A000224,Bachelor's,Median age at graduation,Years,24.0,0.0
346,2005,Quebec,2016A000224,Bachelor's,Under age 25 at graduation,Percent,51.0,-7.2727272727272725
347,2005,Quebec,2016A000224,Bachelor's,Pursued further postsecondary education between graduation and time of interview,Percent,47.0,11.904761904761903
348,2005,Quebec,2016A000224,Master's,Number of graduates,Number,11600.0,33.33333333333333
349,2005,Quebec,2016A000224,Master's,Females,Percent,56.0,0.0
350,2005,Quebec,2016A000224,Master's,Average age at graduation,Years,32.0,0.0
351,2005,Quebec,2016A000224,Master's,Median age at graduation,Years,28.0,-3.4482758620689653
352,2005,Quebec,2016A000224,Master's,Under age 25 at graduation,Percent,14.0,-12.5
353,2005,Quebec,2016A000224,Master's,Pursued further postsecondary education between graduation and time of interview,Percent,34.0,21.428571428571427
354,2005,Quebec,2016A000224,Doctorate,Number of graduates,Number,1000.0,-33.33333333333333
355,2005,Quebec,2016A000224,Doctorate,Females,Percent,46.0,0.0
356,2005,Quebec,2016A000224,Doctorate,Average age at graduation,Years,35.0,2.941176470588235
357,2005,Quebec,2016A000224,Doctorate,Median age at graduation,Years,32.0,0.0
358,2005,Quebec,2016A000224,Doctorate,Under age 25 at graduation,Percent,0.0,-100.0
359,2005,Quebec,2016A000224,Doctorate,Pursued further postsecondary education between graduation and time of interview,Percent,15.0,-11.76470588235294
360,2005,Ontario,2016A000235,College,Number of graduates,Number,45800.0,-10.721247563352826
361,2005,Ontario,2016A000235,College,Females,Percent,58.0,0.0
362,2005,Ontario,2016A000235,College,Average age at graduation,Years,25.0,-7.4074074074074066
363,2005,Ontario,2016A000235,College,Median age at graduation,Years,22.0,-4.3478260869565215
364,2005,Ontario,2016A000235,College,Under age 25 at graduation,Percent,67.0,17.543859649122805
365,2005,Ontario,2016A000235,College,Pursued further postsecondary education between graduation and time of interview,Percent,33.0,37.5
366,2005,Ontario,2016A000235,Bachelor's,Number of graduates,Number,63500.0,21.183206106870227
367,2005,Ontario,2016A000235,Bachelor's,Females,Percent,63.0,3.278688524590164
368,2005,Ontario,2016A000235,Bachelor's,Average age at graduation,Years,25.0,0.0
369,2005,Ontario,2016A000235,Bachelor's,Median age at graduation,Years,23.0,0.0
370,2005,Ontario,2016A000235,Bachelor's,Under age 25 at graduation,Percent,71.0,5.970149253731343
371,2005,Ontario,2016A000235,Bachelor's,Pursued further postsecondary education between graduation and time of interview,Percent,43.0,0.0
372,2005,Ontario,2016A000235,Master's,Number of graduates,Number,13200.0,9.090909090909092
373,2005,Ontario,2016A000235,Master's,Females,Percent,54.0,-8.47457627118644
374,2005,Ontario,2016A000235,Master's,Average age at graduation,Years,31.0,0.0
375,2005,Ontario,2016A000235,Master's,Median age at graduation,Years,28.0,3.7037037037037033
376,2005,Ontario,2016A000235,Master's,Under age 25 at graduation,Percent,18.0,-18.181818181818183
377,2005,Ontario,2016A000235,Master's,Pursued further postsecondary education between graduation and time of interview,Percent,30.0,-9.090909090909092
378,2005,Ontario,2016A000235,Doctorate,Number of graduates,Number,1500.0,0.0
379,2005,Ontario,2016A000235,Doctorate,Females,Percent,45.0,4.651162790697675
380,2005,Ontario,2016A000235,Doctorate,Average age at graduation,Years,35.0,-2.7777777777777777
381,2005,Ontario,2016A000235,Doctorate,Median age at graduation,Years,32.0,-3.0303030303030303
382,2005,Ontario,2016A000235,Doctorate,Under age 25 at graduation,Percent,0.0,0.0
383,2005,Ontario,2016A000235,Doctorate,Pursued further postsecondary education between graduation and time of interview,Percent,5.0,0.0
384,2005,Manitoba,2016A000246,College,Number of graduates,Number,3000.0,20.0
385,2005,Manitoba,2016A000246,College,Females,Percent,60.0,-1.639344262295082
386,2005,Manitoba,2016A000246,College,Average age at graduation,Years,28.0,3.7037037037037033
387,2005,Manitoba,2016A000246,College,Median age at graduation,Years,24.0,0.0
388,2005,Manitoba,2016A000246,College,Under age 25 at graduation,Percent,54.0,-3.571428571428571
389,2005,Manitoba,2016A000246,College,Pursued further postsecondary education between graduation and time of interview,Percent,22.0,4.761904761904762
390,2005,Manitoba,2016A000246,Bachelor's,Number of graduates,Number,5600.0,24.444444444444443
391,2005,Manitoba,2016A000246,Bachelor's,Females,Percent,62.0,1.639344262295082
392,2005,Manitoba,2016A000246,Bachelor's,Average age at graduation,Years,26.0,0.0
393,2005,Manitoba,2016A000246,Bachelor's,Median age at graduation,Years,24.0,4.3478260869565215
394,2005,Manitoba,2016A000246,Bachelor's,Under age 25 at graduation,Percent,61.0,-7.575757575757576
395,2005,Manitoba,2016A000246,Bachelor's,Pursued further postsecondary education between graduation and time of interview,Percent,37.0,2.7777777777777777
396,2005,Manitoba,2016A000246,Master's,Number of graduates,Number,800.0,33.33333333333333
397,2005,Manitoba,2016A000246,Master's,Females,Percent,60.0,0.0
398,2005,Manitoba,2016A000246,Master's,Average age at graduation,Years,33.0,0.0
399,2005,Manitoba,2016A000246,Master's,Median age at graduation,Years,30.0,-3.225806451612903
400,2005,Manitoba,2016A000246,Master's,Under age 25 at graduation,Percent,10.0,-9.090909090909092
401,2005,Manitoba,2016A000246,Master's,Pursued further postsecondary education between graduation and time of interview,Percent,25.0,8.695652173913043
402,2005,Manitoba,2016A000246,Doctorate,Number of graduates,Number,100.0,0.0
403,2005,Manitoba,2016A000246,Doctorate,Females,Percent,42.0,0.0
404,2005,Manitoba,2016A000246,Doctorate,Average age at graduation,Years,37.0,2.7777777777777777
405,2005,Manitoba,2016A000246,Doctorate,Median age at graduation,Years,35.0,2.941176470588235
406,2005,Manitoba,2016A000246,Doctorate,Under age 25 at graduation,Percent,0.0,0.0
407,2005,Manitoba,2016A000246,Doctorate,Pursued further postsecondary education between graduation and time of interview,Percent,0.0,0.0
408,2005,Saskatchewan,2016A000247,College,Number of graduates,Number,2500.0,-3.8461538461538463
409,2005,Saskatchewan,2016A000247,College,Females,Percent,61.0,-3.1746031746031744
410,2005,Saskatchewan,2016A000247,College,Average age at graduation,Years,27.0,0.0
411,2005,Saskatchewan,2016A000247,College,Median age at graduation,Years,24.0,4.3478260869565215
412,2005,Saskatchewan,2016A000247,College,Under age 25 at graduation,Percent,55.0,-1.7857142857142856
413,2005,Saskatchewan,2016A000247,College,Pursued further postsecondary education between graduation and time of interview,Percent,24.0,41.17647058823529
414,2005,Saskatchewan,2016A000247,Bachelor's,Number of graduates,Number,4400.0,-2.2222222222222223
415,2005,Saskatchewan,2016A000247,Bachelor's,Females,Percent,60.0,-3.225806451612903
416,2005,Saskatchewan,2016A000247,Bachelor's,Average age at graduation,Years,26.0,0.0
417,2005,Saskatchewan,2016A000247,Bachelor's,Median age at graduation,Years,24.0,0.0
418,2005,Saskatchewan,2016A000247,Bachelor's,Under age 25 at graduation,Percent,63.0,3.278688524590164
419,2005,Saskatchewan,2016A000247,Bachelor's,Pursued further postsecondary education between graduation and time of interview,Percent,30.0,0.0
420,2005,Saskatchewan,2016A000247,Master's,Number of graduates,Number,700.0,0.0
421,2005,Saskatchewan,2016A000247,Master's,Females,Percent,55.0,10.0
422,2005,Saskatchewan,2016A000247,Master's,Average age at graduation,Years,32.0,-3.0303030303030303
423,2005,Saskatchewan,2016A000247,Master's,Median age at graduation,Years,29.0,-6.451612903225806
424,2005,Saskatchewan,2016A000247,Master's,Under age 25 at graduation,Percent,12.0,-25.0
425,2005,Saskatchewan,2016A000247,Master's,Pursued further postsecondary education between graduation and time of interview,Percent,25.0,13.636363636363635
426,2005,Saskatchewan,2016A000247,Doctorate,Number of graduates,Number,100.0,0.0
427,2005,Saskatchewan,2016A000247,Doctorate,Females,Percent,47.0,56.666666666666664
428,2005,Saskatchewan,2016A000247,Doctorate,Average age at graduation,Years,36.0,9.090909090909092
429,2005,Saskatchewan,2016A000247,Doctorate,Median age at graduation,Years,35.0,12.903225806451612
430,2005,Saskatchewan,2016A000247,Doctorate,Under age 25 at graduation,Percent,0.0,0.0
431,2005,Saskatchewan,2016A000247,Doctorate,Pursued further postsecondary education between graduation and time of interview,Percent,0.0,-100.0
432,2005,Alberta,2016A000248,College,Number of graduates,Number,10800.0,96.36363636363636
433,2005,Alberta,2016A000248,College,Females,Percent,62.0,6.896551724137931
434,2005,Alberta,2016A000248,College,Average age at graduation,Years,26.0,-3.7037037037037033
435,2005,Alberta,2016A000248,College,Median age at graduation,Years,22.0,-8.333333333333332
436,2005,Alberta,2016A000248,College,Under age 25 at graduation,Percent,62.0,12.727272727272727
437,2005,Alberta,2016A000248,College,Pursued further postsecondary education between graduation and time of interview,Percent,33.0,43.47826086956522
438,2005,Alberta,2016A000248,Bachelor's,Number of graduates,Number,14700.0,32.432432432432435
439,2005,Alberta,2016A000248,Bachelor's,Females,Percent,62.0,3.3333333333333335
440,2005,Alberta,2016A000248,Bachelor's,Average age at graduation,Years,25.0,-3.8461538461538463
441,2005,Alberta,2016A000248,Bachelor's,Median age at graduation,Years,23.0,0.0
442,2005,Alberta,2016A000248,Bachelor's,Under age 25 at graduation,Percent,63.0,1.6129032258064515
443,2005,Alberta,2016A000248,Bachelor's,Pursued further postsecondary education between graduation and time of interview,Percent,32.0,0.0
444,2005,Alberta,2016A000248,Master's,Number of graduates,Number,2900.0,45.0
445,2005,Alberta,2016A000248,Master's,Females,Percent,55.0,-1.7857142857142856
446,2005,Alberta,2016A000248,Master's,Average age at graduation,Years,35.0,0.0
447,2005,Alberta,2016A000248,Master's,Median age at graduation,Years,33.0,3.125
448,2005,Alberta,2016A000248,Master's,Under age 25 at graduation,Percent,7.0,0.0
449,2005,Alberta,2016A000248,Master's,Pursued further postsecondary education between graduation and time of interview,Percent,26.0,36.84210526315789
450,2005,Alberta,2016A000248,Doctorate,Number of graduates,Number,400.0,-20.0
451,2005,Alberta,2016A000248,Doctorate,Females,Percent,48.0,11.627906976744185
452,2005,Alberta,2016A000248,Doctorate,Average age at graduation,Years,36.0,2.857142857142857
453,2005,Alberta,2016A000248,Doctorate,Median age at graduation,Years,33.0,0.0
454,2005,Alberta,2016A000248,Doctorate,Under age 25 at graduation,Percent,0.0,0.0
455,2005,Alberta,2016A000248,Doctorate,Pursued further postsecondary education between graduation and time of interview,Percent,9.0,-30.76923076923077
456,2005,British Columbia,2016A000259,College,Number of graduates,Number,11700.0,-19.863013698630137
457,2005,British Columbia,2016A000259,College,Females,Percent,59.0,3.508771929824561
458,2005,British Columbia,2016A000259,College,Average age at graduation,Years,30.0,3.4482758620689653
459,2005,British Columbia,2016A000259,College,Median age at graduation,Years,27.0,3.8461538461538463
460,2005,British Columbia,2016A000259,College,Under age 25 at graduation,Percent,41.0,-4.651162790697675
461,2005,British Columbia,2016A000259,College,Pursued further postsecondary education between graduation and time of interview,Percent,30.0,3.4482758620689653
462,2005,British Columbia,2016A000259,Bachelor's,Number of graduates,Number,18400.0,15.723270440251572
463,2005,British Columbia,2016A000259,Bachelor's,Females,Percent,62.0,1.639344262295082
464,2005,British Columbia,2016A000259,Bachelor's,Average age at graduation,Years,27.0,0.0
465,2005,British Columbia,2016A000259,Bachelor's,Median age at graduation,Years,24.0,0.0
466,2005,British Columbia,2016A000259,Bachelor's,Under age 25 at graduation,Percent,52.0,-10.344827586206897
467,2005,British Columbia,2016A000259,Bachelor's,Pursued further postsecondary education between graduation and time of interview,Percent,37.0,-2.631578947368421
468,2005,British Columbia,2016A000259,Master's,Number of graduates,Number,3500.0,6.0606060606060606
469,2005,British Columbia,2016A000259,Master's,Females,Percent,57.0,-3.389830508474576
470,2005,British Columbia,2016A000259,Master's,Average age at graduation,Years,34.0,0.0
471,2005,British Columbia,2016A000259,Master's,Median age at graduation,Years,32.0,0.0
472,2005,British Columbia,2016A000259,Master's,Under age 25 at graduation,Percent,11.0,0.0
473,2005,British Columbia,2016A000259,Master's,Pursued further postsecondary education between graduation and time of interview,Percent,26.0,18.181818181818183
474,2005,British Columbia,2016A000259,Doctorate,Number of graduates,Number,300.0,-40.0
475,2005,British Columbia,2016A000259,Doctorate,Females,Percent,48.0,26.31578947368421
476,2005,British Columbia,2016A000259,Doctorate,Average age at graduation,Years,37.0,2.7777777777777777
477,2005,British Columbia,2016A000259,Doctorate,Median age at graduation,Years,33.0,-2.941176470588235
478,2005,British Columbia,2016A000259,Doctorate,Under age 25 at graduation,Percent,0.0,0.0
479,2005,British Columbia,2016A000259,Doctorate,Pursued further postsecondary education between graduation and time of interview,Percent,5.0,0.0
480,2010,Newfoundland and Labrador,2016A000210,College,Number of graduates,Number,2400.0,200.0
481,2010,Newfoundland and Labrador,2016A000210,College,Females,Percent,45.0,-29.6875
482,2010,Newfoundland and Labrador,2016A000210,College,Average age at graduation,Years,27.0,0.0
483,2010,Newfoundland and Labrador,2016A000210,College,Median age at graduation,Years,24.0,0.0
484,2010,Newfoundland and Labrador,2016A000210,College,Under age 25 at graduation,Percent,52.0,-10.344827586206897
485,2010,Newfoundland and Labrador,2016A000210,College,Pursued further postsecondary education between graduation and time of interview,Percent,20.0,-4.761904761904762
486,2010,Newfoundland and Labrador,2016A000210,Bachelor's,Number of graduates,Number,2800.0,7.6923076923076925
487,2010,Newfoundland and Labrador,2016A000210,Bachelor's,Females,Percent,63.0,-5.970149253731343
488,2010,Newfoundland and Labrador,2016A000210,Bachelor's,Average age at graduation,Years,26.0,0.0
489,2010,Newfoundland and Labrador,2016A000210,Bachelor's,Median age at graduation,Years,24.0,4.3478260869565215
490,2010,Newfoundland and Labrador,2016A000210,Bachelor's,Under age 25 at graduation,Percent,62.0,-4.615384615384616
491,2010,Newfoundland and Labrador,2016A000210,Bachelor's,Pursued further postsecondary education between graduation and time of interview,Percent,50.0,31.57894736842105
492,2010,Newfoundland and Labrador,2016A000210,Master's,Number of graduates,Number,600.0,20.0
493,2010,Newfoundland and Labrador,2016A000210,Master's,Females,Percent,56.0,1.8181818181818181
494,2010,Newfoundland and Labrador,2016A000210,Master's,Average age at graduation,Years,32.0,-3.0303030303030303
495,2010,Newfoundland and Labrador,2016A000210,Master's,Median age at graduation,Years,29.0,-6.451612903225806
496,2010,Newfoundland and Labrador,2016A000210,Master's,Under age 25 at graduation,Percent,12.0,50.0
497,2010,Newfoundland and Labrador,2016A000210,Master's,Pursued further postsecondary education between graduation and time of interview,Percent,33.0,57.14285714285714
498,2010,Newfoundland and Labrador,2016A000210,Doctorate,Number of graduates,Number,100.0,0.0
499,2010,Newfoundland and Labrador,2016A000210,Doctorate,Females,Percent,44.0,15.789473684210526
500,2010,Newfoundland and Labrador,2016A000210,Doctorate,Average age at graduation,Years,34.0,-5.555555555555555
501,2010,Newfoundland and Labrador,2016A000210,Doctorate,Median age at graduation,Years,33.0,-5.714285714285714
502,2010,Newfoundland and Labrador,2016A000210,Doctorate,Under age 25 at graduation,Percent,0.0,0.0
503,2010,Newfoundland and Labrador,2016A000210,Doctorate,Pursued further postsecondary education between graduation and time of interview,Percent,0.0,0.0
504,2010,Prince Edward Island,2016A000211,College,Number of graduates,Number,1000.0,25.0
505,2010,Prince Edward Island,2016A000211,College,Females,Percent,45.0,0.0
506,2010,Prince Edward Island,2016A000211,College,Average age at graduation,Years,25.0,-3.8461538461538463
507,2010,Prince Edward Island,2016A000211,College,Median age at graduation,Years,22.0,-4.3478260869565215
508,2010,Prince Edward Island,2016A000211,College,Under age 25 at graduation,Percent,68.0,7.936507936507936
509,2010,Prince Edward Island,2016A000211,College,Pursued further postsecondary education between graduation and time of interview,Percent,21.0,10.526315789473683
510,2010,Prince Edward Island,2016A000211,Bachelor's,Number of graduates,Number,600.0,-14.285714285714285
511,2010,Prince Edward Island,2016A000211,Bachelor's,Females,Percent,67.0,-4.285714285714286
512,2010,Prince Edward Island,2016A000211,Bachelor's,Average age at graduation,Years,26.0,4.0
513,2010,Prince Edward Island,2016A000211,Bachelor's,Median age at graduation,Years,24.0,4.3478260869565215
514,2010,Prince Edward Island,2016A000211,Bachelor's,Under age 25 at graduation,Percent,61.0,-14.084507042253522
515,2010,Prince Edward Island,2016A000211,Bachelor's,Pursued further postsecondary education between graduation and time of interview,Percent,40.0,-14.893617021276595
516,2010,Prince Edward Island,2016A000211,Master's,Number of graduates,Number,0.0,0.0
517,2010,Prince Edward Island,2016A000211,Master's,Females,Percent,79.0,0.0
518,2010,Prince Edward Island,2016A000211,Master's,Average age at graduation,Years,38.0,-7.317073170731707
519,2010,Prince Edward Island,2016A000211,Master's,Median age at graduation,Years,35.0,-12.5
520,2010,Prince Edward Island,2016A000211,Master's,Under age 25 at graduation,Percent,0.0,0.0
521,2010,Prince Edward Island,2016A000211,Master's,Pursued further postsecondary education between graduation and time of interview,Percent,0.0,-100.0
522,2010,Prince Edward Island,2016A000211,Doctorate,Number of graduates,Number,0.0,0.0
523,2010,Prince Edward Island,2016A000211,Doctorate,Females,Percent,0.0,0.0
524,2010,Prince Edward Island,2016A000211,Doctorate,Average age at graduation,Years,30.0,0.0
525,2010,Prince Edward Island,2016A000211,Doctorate,Median age at graduation,Years,0.0,0.0
526,2010,Prince Edward Island,2016A000211,Doctorate,Under age 25 at graduation,Percent,0.0,0.0
527,2010,Prince Edward Island,2016A000211,Doctorate,Pursued further postsecondary education between graduation and time of interview,Percent,0.0,0.0
528,2010,Nova Scotia,2016A000212,College,Number of graduates,Number,4200.0,44.827586206896555
529,2010,Nova Scotia,2016A000212,College,Females,Percent,58.0,13.725490196078432
530,2010,Nova Scotia,2016A000212,College,Average age at graduation,Years,27.0,0.0
531,2010,Nova Scotia,2016A000212,College,Median age at graduation,Years,24.0,4.3478260869565215
532,2010,Nova Scotia,2016A000212,College,Under age 25 at graduation,Percent,54.0,-6.896551724137931
533,2010,Nova Scotia,2016A000212,College,Pursued further postsecondary education between graduation and time of interview,Percent,18.0,50.0
534,2010,Nova Scotia,2016A000212,Bachelor's,Number of graduates,Number,7200.0,7.462686567164178
535,2010,Nova Scotia,2016A000212,Bachelor's,Females,Percent,59.0,-3.278688524590164
536,2010,Nova Scotia,2016A000212,Bachelor's,Average age at graduation,Years,25.0,0.0
537,2010,Nova Scotia,2016A000212,Bachelor's,Median age at graduation,Years,23.0,0.0
538,2010,Nova Scotia,2016A000212,Bachelor's,Under age 25 at graduation,Percent,69.0,0.0
539,2010,Nova Scotia,2016A000212,Bachelor's,Pursued further postsecondary education between graduation and time of interview,Percent,48.0,11.627906976744185
540,2010,Nova Scotia,2016A000212,Master's,Number of graduates,Number,1900.0,18.75
541,2010,Nova Scotia,2016A000212,Master's,Females,Percent,64.0,8.47457627118644
542,2010,Nova Scotia,2016A000212,Master's,Average age at graduation,Years,33.0,-2.941176470588235
543,2010,Nova Scotia,2016A000212,Master's,Median age at graduation,Years,30.0,-6.25
544,2010,Nova Scotia,2016A000212,Master's,Under age 25 at graduation,Percent,9.0,-10.0
545,2010,Nova Scotia,2016A000212,Master's,Pursued further postsecondary education between graduation and time of interview,Percent,23.0,9.523809523809524
546,2010,Nova Scotia,2016A000212,Doctorate,Number of graduates,Number,100.0,0.0
547,2010,Nova Scotia,2016A000212,Doctorate,Females,Percent,66.0,50.0
548,2010,Nova Scotia,2016A000212,Doctorate,Average age at graduation,Years,31.0,-6.0606060606060606
549,2010,Nova Scotia,2016A000212,Doctorate,Median age at graduation,Years,31.0,3.3333333333333335
550,2010,Nova Scotia,2016A000212,Doctorate,Under age 25 at graduation,Percent,0.0,0.0
551,2010,Nova Scotia,2016A000212,Doctorate,Pursued further postsecondary education between graduation and time of interview,Percent,26.0,0.0
552,2010,New Brunswick,2016A000213,College,Number of graduates,Number,1200.0,-55.55555555555556
553,2010,New Brunswick,2016A000213,College,Females,Percent,48.0,0.0
554,2010,New Brunswick,2016A000213,College,Average age at graduation,Years,27.0,3.8461538461538463
555,2010,New Brunswick,2016A000213,College,Median age at graduation,Years,23.0,0.0
556,2010,New Brunswick,2016A000213,College,Under age 25 at graduation,Percent,56.0,-8.19672131147541
557,2010,New Brunswick,2016A000213,College,Pursued further postsecondary education between graduation and time of interview,Percent,20.0,33.33333333333333
558,2010,New Brunswick,2016A000213,Bachelor's,Number of graduates,Number,4100.0,5.128205128205128
559,2010,New Brunswick,2016A000213,Bachelor's,Females,Percent,64.0,3.225806451612903
560,2010,New Brunswick,2016A000213,Bachelor's,Average age at graduation,Years,25.0,0.0
561,2010,New Brunswick,2016A000213,Bachelor's,Median age at graduation,Years,23.0,0.0
562,2010,New Brunswick,2016A000213,Bachelor's,Under age 25 at graduation,Percent,69.0,0.0
563,2010,New Brunswick,2016A000213,Bachelor's,Pursued further postsecondary education between graduation and time of interview,Percent,43.0,7.5
564,2010,New Brunswick,2016A000213,Master's,Number of graduates,Number,600.0,20.0
565,2010,New Brunswick,2016A000213,Master's,Females,Percent,54.0,8.0
566,2010,New Brunswick,2016A000213,Master's,Average age at graduation,Years,34.0,3.0303030303030303
567,2010,New Brunswick,2016A000213,Master's,Median age at graduation,Years,30.0,-3.225806451612903
568,2010,New Brunswick,2016A000213,Master's,Under age 25 at graduation,Percent,14.0,-6.666666666666667
569,2010,New Brunswick,2016A000213,Master's,Pursued further postsecondary education between graduation and time of interview,Percent,32.0,39.130434782608695
570,2010,New Brunswick,2016A000213,Doctorate,Number of graduates,Number,0.0,0.0
571,2010,New Brunswick,2016A000213,Doctorate,Females,Percent,41.0,-24.074074074074073
572,2010,New Brunswick,2016A000213,Doctorate,Average age at graduation,Years,38.0,2.7027027027027026
573,2010,New Brunswick,2016A000213,Doctorate,Median age at graduation,Years,35.0,-2.7777777777777777
574,2010,New Brunswick,2016A000213,Doctorate,Under age 25 at graduation,Percent,0.0,0.0
575,2010,New Brunswick,2016A000213,Doctorate,Pursued further postsecondary education between graduation and time of interview,Percent,0.0,0.0
576,2010,Quebec,2016A000224,College,Number of graduates,Number,27200.0,20.353982300884958
577,2010,Quebec,2016A000224,College,Females,Percent,58.0,-1.694915254237288
578,2010,Quebec,2016A000224,College,Average age at graduation,Years,29.0,11.538461538461538
579,2010,Quebec,2016A000224,College,Median age at graduation,Years,24.0,4.3478260869565215
580,2010,Quebec,2016A000224,College,Under age 25 at graduation,Percent,53.0,-15.873015873015872
581,2010,Quebec,2016A000224,College,Pursued further postsecondary education between graduation and time of interview,Percent,37.0,8.823529411764707
582,2010,Quebec,2016A000224,Bachelor's,Number of graduates,Number,48600.0,16.267942583732058
583,2010,Quebec,2016A000224,Bachelor's,Females,Percent,60.0,-6.25
584,2010,Quebec,2016A000224,Bachelor's,Average age at graduation,Years,28.0,0.0
585,2010,Quebec,2016A000224,Bachelor's,Median age at graduation,Years,25.0,4.166666666666666
586,2010,Quebec,2016A000224,Bachelor's,Under age 25 at graduation,Percent,44.0,-13.725490196078432
587,2010,Quebec,2016A000224,Bachelor's,Pursued further postsecondary education between graduation and time of interview,Percent,49.0,4.25531914893617
588,2010,Quebec,2016A000224,Master's,Number of graduates,Number,15900.0,37.06896551724138
589,2010,Quebec,2016A000224,Master's,Females,Percent,65.0,16.071428571428573
590,2010,Quebec,2016A000224,Master's,Average age at graduation,Years,33.0,3.125
591,2010,Quebec,2016A000224,Master's,Median age at graduation,Years,30.0,7.142857142857142
592,2010,Quebec,2016A000224,Master's,Under age 25 at graduation,Percent,10.0,-28.57142857142857
593,2010,Quebec,2016A000224,Master's,Pursued further postsecondary education between graduation and time of interview,Percent,34.0,0.0
594,2010,Quebec,2016A000224,Doctorate,Number of graduates,Number,2600.0,160.0
595,2010,Quebec,2016A000224,Doctorate,Females,Percent,54.0,17.391304347826086
596,2010,Quebec,2016A000224,Doctorate,Average age at graduation,Years,32.0,-8.571428571428571
597,2010,Quebec,2016A000224,Doctorate,Median age at graduation,Years,31.0,-3.125
598,2010,Quebec,2016A000224,Doctorate,Under age 25 at graduation,Percent,0.0,0.0
599,2010,Quebec,2016A000224,Doctorate,Pursued further postsecondary education between graduation and time of interview,Percent,23.0,53.333333333333336
600,2010,Ontario,2016A000235,College,Number of graduates,Number,60500.0,32.096069868995635
601,2010,Ontario,2016A000235,College,Females,Percent,57.0,-1.7241379310344827
602,2010,Ontario,2016A000235,College,Average age at graduation,Years,27.0,8.0
603,2010,Ontario,2016A000235,College,Median age at graduation,Years,23.0,4.545454545454546
604,2010,Ontario,2016A000235,College,Under age 25 at graduation,Percent,59.0,-11.940298507462686
605,2010,Ontario,2016A000235,College,Pursued further postsecondary education between graduation and time of interview,Percent,36.0,9.090909090909092
606,2010,Ontario,2016A000235,Bachelor's,Number of graduates,Number,76700.0,20.787401574803148
607,2010,Ontario,2016A000235,Bachelor's,Females,Percent,63.0,0.0
608,2010,Ontario,2016A000235,Bachelor's,Average age at graduation,Years,25.0,0.0
609,2010,Ontario,2016A000235,Bachelor's,Median age at graduation,Years,23.0,0.0
610,2010,Ontario,2016A000235,Bachelor's,Under age 25 at graduation,Percent,71.0,0.0
611,2010,Ontario,2016A000235,Bachelor's,Pursued further postsecondary education between graduation and time of interview,Percent,52.0,20.930232558139537
612,2010,Ontario,2016A000235,Master's,Number of graduates,Number,19300.0,46.21212121212121
613,2010,Ontario,2016A000235,Master's,Females,Percent,61.0,12.962962962962962
614,2010,Ontario,2016A000235,Master's,Average age at graduation,Years,29.0,-6.451612903225806
615,2010,Ontario,2016A000235,Master's,Median age at graduation,Years,27.0,-3.571428571428571
616,2010,Ontario,2016A000235,Master's,Under age 25 at graduation,Percent,25.0,38.88888888888889
617,2010,Ontario,2016A000235,Master's,Pursued further postsecondary education between graduation and time of interview,Percent,34.0,13.333333333333334
618,2010,Ontario,2016A000235,Doctorate,Number of graduates,Number,2200.0,46.666666666666664
619,2010,Ontario,2016A000235,Doctorate,Females,Percent,47.0,4.444444444444445
620,2010,Ontario,2016A000235,Doctorate,Average age at graduation,Years,35.0,0.0
621,2010,Ontario,2016A000235,Doctorate,Median age at graduation,Years,33.0,3.125
622,2010,Ontario,2016A000235,Doctorate,Under age 25 at graduation,Percent,0.0,0.0
623,2010,Ontario,2016A000235,Doctorate,Pursued further postsecondary education between graduation and time of interview,Percent,9.0,80.0
624,2010,Manitoba,2016A000246,College,Number of graduates,Number,3900.0,30.0
625,2010,Manitoba,2016A000246,College,Females,Percent,59.0,-1.6666666666666667
626,2010,Manitoba,2016A000246,College,Average age at graduation,Years,28.0,0.0
627,2010,Manitoba,2016A000246,College,Median age at graduation,Years,25.0,4.166666666666666
628,2010,Manitoba,2016A000246,College,Under age 25 at graduation,Percent,49.0,-9.25925925925926
629,2010,Manitoba,2016A000246,College,Pursued further postsecondary education between graduation and time of interview,Percent,26.0,18.181818181818183
630,2010,Manitoba,2016A000246,Bachelor's,Number of graduates,Number,6100.0,8.928571428571429
631,2010,Manitoba,2016A000246,Bachelor's,Females,Percent,60.0,-3.225806451612903
632,2010,Manitoba,2016A000246,Bachelor's,Average age at graduation,Years,27.0,3.8461538461538463
633,2010,Manitoba,2016A000246,Bachelor's,Median age at graduation,Years,24.0,0.0
634,2010,Manitoba,2016A000246,Bachelor's,Under age 25 at graduation,Percent,53.0,-13.114754098360656
635,2010,Manitoba,2016A000246,Bachelor's,Pursued further postsecondary education between graduation and time of interview,Percent,45.0,21.62162162162162
636,2010,Manitoba,2016A000246,Master's,Number of graduates,Number,1000.0,25.0
637,2010,Manitoba,2016A000246,Master's,Females,Percent,59.0,-1.6666666666666667
638,2010,Manitoba,2016A000246,Master's,Average age at graduation,Years,34.0,3.0303030303030303
639,2010,Manitoba,2016A000246,Master's,Median age at graduation,Years,31.0,3.3333333333333335
640,2010,Manitoba,2016A000246,Master's,Under age 25 at graduation,Percent,11.0,10.0
641,2010,Manitoba,2016A000246,Master's,Pursued further postsecondary education between graduation and time of interview,Percent,28.0,12.0
642,2010,Manitoba,2016A000246,Doctorate,Number of graduates,Number,100.0,0.0
643,2010,Manitoba,2016A000246,Doctorate,Females,Percent,60.0,42.857142857142854
644,2010,Manitoba,2016A000246,Doctorate,Average age at graduation,Years,39.0,5.405405405405405
645,2010,Manitoba,2016A000246,Doctorate,Median age at graduation,Years,38.0,8.571428571428571
646,2010,Manitoba,2016A000246,Doctorate,Under age 25 at graduation,Percent,0.0,0.0
647,2010,Manitoba,2016A000246,Doctorate,Pursued further postsecondary education between graduation and time of interview,Percent,0.0,0.0
648,2010,Saskatchewan,2016A000247,College,Number of graduates,Number,3500.0,40.0
649,2010,Saskatchewan,2016A000247,College,Females,Percent,53.0,-13.114754098360656
650,2010,Saskatchewan,2016A000247,College,Average age at graduation,Years,28.0,3.7037037037037033
651,2010,Saskatchewan,2016A000247,College,Median age at graduation,Years,24.0,0.0
652,2010,Saskatchewan,2016A000247,College,Under age 25 at graduation,Percent,53.0,-3.6363636363636362
653,2010,Saskatchewan,2016A000247,College,Pursued further postsecondary education between graduation and time of interview,Percent,30.0,25.0
654,2010,Saskatchewan,2016A000247,Bachelor's,Number of graduates,Number,5300.0,20.454545454545457
655,2010,Saskatchewan,2016A000247,Bachelor's,Females,Percent,61.0,1.6666666666666667
656,2010,Saskatchewan,2016A000247,Bachelor's,Average age at graduation,Years,26.0,0.0
657,2010,Saskatchewan,2016A000247,Bachelor's,Median age at graduation,Years,24.0,0.0
658,2010,Saskatchewan,2016A000247,Bachelor's,Under age 25 at graduation,Percent,57.0,-9.523809523809524
659,2010,Saskatchewan,2016A000247,Bachelor's,Pursued further postsecondary education between graduation and time of interview,Percent,34.0,13.333333333333334
660,2010,Saskatchewan,2016A000247,Master's,Number of graduates,Number,1000.0,42.857142857142854
661,2010,Saskatchewan,2016A000247,Master's,Females,Percent,56.0,1.8181818181818181
662,2010,Saskatchewan,2016A000247,Master's,Average age at graduation,Years,35.0,9.375
663,2010,Saskatchewan,2016A000247,Master's,Median age at graduation,Years,31.0,6.896551724137931
664,2010,Saskatchewan,2016A000247,Master's,Under age 25 at graduation,Percent,8.0,-33.33333333333333
665,2010,Saskatchewan,2016A000247,Master's,Pursued further postsecondary education between graduation and time of interview,Percent,25.0,0.0
666,2010,Saskatchewan,2016A000247,Doctorate,Number of graduates,Number,200.0,100.0
667,2010,Saskatchewan,2016A000247,Doctorate,Females,Percent,53.0,12.76595744680851
668,2010,Saskatchewan,2016A000247,Doctorate,Average age at graduation,Years,34.0,-5.555555555555555
669,2010,Saskatchewan,2016A000247,Doctorate,Median age at graduation,Years,34.0,-2.857142857142857
670,2010,Saskatchewan,2016A000247,Doctorate,Under age 25 at graduation,Percent,0.0,0.0
671,2010,Saskatchewan,2016A000247,Doctorate,Pursued further postsecondary education between graduation and time of interview,Percent,26.0,0.0
672,2010,Alberta,2016A000248,College,Number of graduates,Number,13200.0,22.22222222222222
673,2010,Alberta,2016A000248,College,Females,Percent,57.0,-8.064516129032258
674,2010,Alberta,2016A000248,College,Average age at graduation,Years,27.0,3.8461538461538463
675,2010,Alberta,2016A000248,College,Median age at graduation,Years,23.0,4.545454545454546
676,2010,Alberta,2016A000248,College,Under age 25 at graduation,Percent,57.0,-8.064516129032258
677,2010,Alberta,2016A000248,College,Pursued further postsecondary education between graduation and time of interview,Percent,33.0,0.0
678,2010,Alberta,2016A000248,Bachelor's,Number of graduates,Number,18100.0,23.12925170068027
679,2010,Alberta,2016A000248,Bachelor's,Females,Percent,60.0,-3.225806451612903
680,2010,Alberta,2016A000248,Bachelor's,Average age at graduation,Years,26.0,4.0
681,2010,Alberta,2016A000248,Bachelor's,Median age at graduation,Years,24.0,4.3478260869565215
682,2010,Alberta,2016A000248,Bachelor's,Under age 25 at graduation,Percent,58.0,-7.936507936507936
683,2010,Alberta,2016A000248,Bachelor's,Pursued further postsecondary education between graduation and time of interview,Percent,45.0,40.625
684,2010,Alberta,2016A000248,Master's,Number of graduates,Number,3400.0,17.24137931034483
685,2010,Alberta,2016A000248,Master's,Females,Percent,60.0,9.090909090909092
686,2010,Alberta,2016A000248,Master's,Average age at graduation,Years,35.0,0.0
687,2010,Alberta,2016A000248,Master's,Median age at graduation,Years,33.0,0.0
688,2010,Alberta,2016A000248,Master's,Under age 25 at graduation,Percent,7.0,0.0
689,2010,Alberta,2016A000248,Master's,Pursued further postsecondary education between graduation and time of interview,Percent,23.0,-11.538461538461538
690,2010,Alberta,2016A000248,Doctorate,Number of graduates,Number,700.0,75.0
691,2010,Alberta,2016A000248,Doctorate,Females,Percent,46.0,-4.166666666666666
692,2010,Alberta,2016A000248,Doctorate,Average age at graduation,Years,35.0,-2.7777777777777777
693,2010,Alberta,2016A000248,Doctorate,Median age at graduation,Years,33.0,0.0
694,2010,Alberta,2016A000248,Doctorate,Under age 25 at graduation,Percent,0.0,0.0
695,2010,Alberta,2016A000248,Doctorate,Pursued further postsecondary education between graduation and time of interview,Percent,10.0,11.11111111111111
696,2010,British Columbia,2016A000259,College,Number of graduates,Number,19000.0,62.39316239316239
697,2010,British Columbia,2016A000259,College,Females,Percent,54.0,-8.47457627118644
698,2010,British Columbia,2016A000259,College,Average age at graduation,Years,30.0,0.0
699,2010,British Columbia,2016A000259,College,Median age at graduation,Years,25.0,-7.4074074074074066
700,2010,British Columbia,2016A000259,College,Under age 25 at graduation,Percent,45.0,9.75609756097561
701,2010,British Columbia,2016A000259,College,Pursued further postsecondary education between graduation and time of interview,Percent,36.0,20.0
702,2010,British Columbia,2016A000259,Bachelor's,Number of graduates,Number,27200.0,47.82608695652174
703,2010,British Columbia,2016A000259,Bachelor's,Females,Percent,58.0,-6.451612903225806
704,2010,British Columbia,2016A000259,Bachelor's,Average age at graduation,Years,27.0,0.0
705,2010,British Columbia,2016A000259,Bachelor's,Median age at graduation,Years,24.0,0.0
706,2010,British Columbia,2016A000259,Bachelor's,Under age 25 at graduation,Percent,50.0,-3.8461538461538463
707,2010,British Columbia,2016A000259,Bachelor's,Pursued further postsecondary education between graduation and time of interview,Percent,46.0,24.324324324324326
708,2010,British Columbia,2016A000259,Master's,Number of graduates,Number,5000.0,42.857142857142854
709,2010,British Columbia,2016A000259,Master's,Females,Percent,62.0,8.771929824561402
710,2010,British Columbia,2016A000259,Master's,Average age at graduation,Years,34.0,0.0
711,2010,British Columbia,2016A000259,Master's,Median age at graduation,Years,31.0,-3.125
712,2010,British Columbia,2016A000259,Master's,Under age 25 at graduation,Percent,10.0,-9.090909090909092
713,2010,British Columbia,2016A000259,Master's,Pursued further postsecondary education between graduation and time of interview,Percent,28.0,7.6923076923076925
714,2010,British Columbia,2016A000259,Doctorate,Number of graduates,Number,700.0,133.33333333333331
715,2010,British Columbia,2016A000259,Doctorate,Females,Percent,50.0,4.166666666666666
716,2010,British Columbia,2016A000259,Doctorate,Average age at graduation,Years,37.0,0.0
717,2010,British Columbia,2016A000259,Doctorate,Median age at graduation,Years,34.0,3.0303030303030303
718,2010,British Columbia,2016A000259,Doctorate,Under age 25 at graduation,Percent,0.0,0.0
719,2010,British Columbia,2016A000259,Doctorate,Pursued further postsecondary education between graduation and time of interview,Percent,9.0,80.0
720,2015,Newfoundland and Labrador,2016A000210,College,Number of graduates,Number,600.0,-75.0
721,2015,Newfoundland and Labrador,2016A000210,College,Females,Percent,46.0,2.2222222222222223
722,2015,Newfoundland and Labrador,2016A000210,College,Average age at graduation,Years,26.0,-3.7037037037037033
723,2015,Newfoundland and Labrador,2016A000210,College,Median age at graduation,Years,23.0,-4.166666666666666
724,2015,Newfoundland and Labrador,2016A000210,College,Under age 25 at graduation,Percent,61.0,17.307692307692307
725,2015,Newfoundland and Labrador,2016A000210,College,Pursued further postsecondary education between graduation and time of interview,Percent,25.0,25.0
726,2015,Newfoundland and Labrador,2016A000210,Bachelor's,Number of graduates,Number,2500.0,-10.714285714285714
727,2015,Newfoundland and Labrador,2016A000210,Bachelor's,Females,Percent,63.0,0.0
728,2015,Newfoundland and Labrador,2016A000210,Bachelor's,Average age at graduation,Years,25.0,-3.8461538461538463
729,2015,Newfoundland and Labrador,2016A000210,Bachelor's,Median age at graduation,Years,23.0,-4.166666666666666
730,2015,Newfoundland and Labrador,2016A000210,Bachelor's,Under age 25 at graduation,Percent,65.0,4.838709677419355
731,2015,Newfoundland and Labrador,2016A000210,Bachelor's,Pursued further postsecondary education between graduation and time of interview,Percent,48.0,-4.0
732,2015,Newfoundland and Labrador,2016A000210,Master's,Number of graduates,Number,800.0,33.33333333333333
733,2015,Newfoundland and Labrador,2016A000210,Master's,Females,Percent,58.0,3.571428571428571
734,2015,Newfoundland and Labrador,2016A000210,Master's,Average age at graduation,Years,32.0,0.0
735,2015,Newfoundland and Labrador,2016A000210,Master's,Median age at graduation,Years,30.0,3.4482758620689653
736,2015,Newfoundland and Labrador,2016A000210,Master's,Under age 25 at graduation,Percent,10.0,-16.666666666666664
737,2015,Newfoundland and Labrador,2016A000210,Master's,Pursued further postsecondary education between graduation and time of interview,Percent,22.0,-33.33333333333333
738,2015,Newfoundland and Labrador,2016A000210,Doctorate,Number of graduates,Number,0.0,-100.0
739,2015,Newfoundland and Labrador,2016A000210,Doctorate,Females,Percent,26.0,-40.909090909090914
740,2015,Newfoundland and Labrador,2016A000210,Doctorate,Average age at graduation,Years,35.0,2.941176470588235
741,2015,Newfoundland and Labrador,2016A000210,Doctorate,Median age at graduation,Years,34.0,3.0303030303030303
742,2015,Newfoundland and Labrador,2016A000210,Doctorate,Under age 25 at graduation,Percent,0.0,0.0
743,2015,Newfoundland and Labrador,2016A000210,Doctorate,Pursued further postsecondary education between graduation and time of interview,Percent,14.0,0.0
744,2015,Prince Edward Island,2016A000211,College,Number of graduates,Number,1100.0,10.0
745,2015,Prince Edward Island,2016A000211,College,Females,Percent,45.0,0.0
746,2015,Prince Edward Island,2016A000211,College,Average age at graduation,Years,25.0,0.0
747,2015,Prince Edward Island,2016A000211,College,Median age at graduation,Years,22.0,0.0
748,2015,Prince Edward Island,2016A000211,College,Under age 25 at graduation,Percent,67.0,-1.4705882352941175
749,2015,Prince Edward Island,2016A000211,College,Pursued further postsecondary education between graduation and time of interview,Percent,28.0,33.33333333333333
750,2015,Prince Edward Island,2016A000211,Bachelor's,Number of graduates,Number,800.0,33.33333333333333
751,2015,Prince Edward Island,2016A000211,Bachelor's,Females,Percent,65.0,-2.9850746268656714
752,2015,Prince Edward Island,2016A000211,Bachelor's,Average age at graduation,Years,25.0,-3.8461538461538463
753,2015,Prince Edward Island,2016A000211,Bachelor's,Median age at graduation,Years,23.0,-4.166666666666666
754,2015,Prince Edward Island,2016A000211,Bachelor's,Under age 25 at graduation,Percent,66.0,8.19672131147541
755,2015,Prince Edward Island,2016A000211,Bachelor's,Pursued further postsecondary education between graduation and time of interview,Percent,46.0,15.0
756,2015,Prince Edward Island,2016A000211,Master's,Number of graduates,Number,100.0,0.0
757,2015,Prince Edward Island,2016A000211,Master's,Females,Percent,74.0,-6.329113924050633
758,2015,Prince Edward Island,2016A000211,Master's,Average age at graduation,Years,36.0,-5.263157894736842
759,2015,Prince Edward Island,2016A000211,Master's,Median age at graduation,Years,34.0,-2.857142857142857
760,2015,Prince Edward Island,2016A000211,Master's,Under age 25 at graduation,Percent,0.0,0.0
761,2015,Prince Edward Island,2016A000211,Master's,Pursued further postsecondary education between graduation and time of interview,Percent,0.0,0.0
762,2015,Prince Edward Island,2016A000211,Doctorate,Number of graduates,Number,0.0,0.0
763,2015,Prince Edward Island,2016A000211,Doctorate,Females,Percent,0.0,0.0
764,2015,Prince Edward Island,2016A000211,Doctorate,Average age at graduation,Years,0.0,-100.0
765,2015,Prince Edward Island,2016A000211,Doctorate,Median age at graduation,Years,0.0,0.0
766,2015,Prince Edward Island,2016A000211,Doctorate,Under age 25 at graduation,Percent,0.0,0.0
767,2015,Prince Edward Island,2016A000211,Doctorate,Pursued further postsecondary education between graduation and time of interview,Percent,0.0,0.0
768,2015,Nova Scotia,2016A000212,College,Number of graduates,Number,4200.0,0.0
769,2015,Nova Scotia,2016A000212,College,Females,Percent,51.0,-12.068965517241379
770,2015,Nova Scotia,2016A000212,College,Average age at graduation,Years,26.0,-3.7037037037037033
771,2015,Nova Scotia,2016A000212,College,Median age at graduation,Years,23.0,-4.166666666666666
772,2015,Nova Scotia,2016A000212,College,Under age 25 at graduation,Percent,60.0,11.11111111111111
773,2015,Nova Scotia,2016A000212,College,Pursued further postsecondary education between graduation and time of interview,Percent,27.0,50.0
774,2015,Nova Scotia,2016A000212,Bachelor's,Number of graduates,Number,6900.0,-4.166666666666666
775,2015,Nova Scotia,2016A000212,Bachelor's,Females,Percent,58.0,-1.694915254237288
776,2015,Nova Scotia,2016A000212,Bachelor's,Average age at graduation,Years,24.0,-4.0
777,2015,Nova Scotia,2016A000212,Bachelor's,Median age at graduation,Years,23.0,0.0
778,2015,Nova Scotia,2016A000212,Bachelor's,Under age 25 at graduation,Percent,73.0,5.797101449275362
779,2015,Nova Scotia,2016A000212,Bachelor's,Pursued further postsecondary education between graduation and time of interview,Percent,47.0,-2.083333333333333
780,2015,Nova Scotia,2016A000212,Master's,Number of graduates,Number,2200.0,15.789473684210526
781,2015,Nova Scotia,2016A000212,Master's,Females,Percent,61.0,-4.6875
782,2015,Nova Scotia,2016A000212,Master's,Average age at graduation,Years,32.0,-3.0303030303030303
783,2015,Nova Scotia,2016A000212,Master's,Median age at graduation,Years,29.0,-3.3333333333333335
784,2015,Nova Scotia,2016A000212,Master's,Under age 25 at graduation,Percent,20.0,122.22222222222223
785,2015,Nova Scotia,2016A000212,Master's,Pursued further postsecondary education between graduation and time of interview,Percent,18.0,-21.73913043478261
786,2015,Nova Scotia,2016A000212,Doctorate,Number of graduates,Number,100.0,0.0
787,2015,Nova Scotia,2016A000212,Doctorate,Females,Percent,41.0,-37.878787878787875
788,2015,Nova Scotia,2016A000212,Doctorate,Average age at graduation,Years,35.0,12.903225806451612
789,2015,Nova Scotia,2016A000212,Doctorate,Median age at graduation,Years,32.0,3.225806451612903
790,2015,Nova Scotia,2016A000212,Doctorate,Under age 25 at graduation,Percent,0.0,0.0
791,2015,Nova Scotia,2016A000212,Doctorate,Pursued further postsecondary education between graduation and time of interview,Percent,0.0,-100.0
792,2015,New Brunswick,2016A000213,College,Number of graduates,Number,3100.0,158.33333333333331
793,2015,New Brunswick,2016A000213,College,Females,Percent,45.0,-6.25
794,2015,New Brunswick,2016A000213,College,Average age at graduation,Years,25.0,-7.4074074074074066
795,2015,New Brunswick,2016A000213,College,Median age at graduation,Years,22.0,-4.3478260869565215
796,2015,New Brunswick,2016A000213,College,Under age 25 at graduation,Percent,67.0,19.642857142857142
797,2015,New Brunswick,2016A000213,College,Pursued further postsecondary education between graduation and time of interview,Percent,22.0,10.0
798,2015,New Brunswick,2016A000213,Bachelor's,Number of graduates,Number,3600.0,-12.195121951219512
799,2015,New Brunswick,2016A000213,Bachelor's,Females,Percent,63.0,-1.5625
800,2015,New Brunswick,2016A000213,Bachelor's,Average age at graduation,Years,24.0,-4.0
801,2015,New Brunswick,2016A000213,Bachelor's,Median age at graduation,Years,23.0,0.0
802,2015,New Brunswick,2016A000213,Bachelor's,Under age 25 at graduation,Percent,75.0,8.695652173913043
803,2015,New Brunswick,2016A000213,Bachelor's,Pursued further postsecondary education between graduation and time of interview,Percent,43.0,0.0
804,2015,New Brunswick,2016A000213,Master's,Number of graduates,Number,600.0,0.0
805,2015,New Brunswick,2016A000213,Master's,Females,Percent,51.0,-5.555555555555555
806,2015,New Brunswick,2016A000213,Master's,Average age at graduation,Years,32.0,-5.88235294117647
807,2015,New Brunswick,2016A000213,Master's,Median age at graduation,Years,29.0,-3.3333333333333335
808,2015,New Brunswick,2016A000213,Master's,Under age 25 at graduation,Percent,16.0,14.285714285714285
809,2015,New Brunswick,2016A000213,Master's,Pursued further postsecondary education between graduation and time of interview,Percent,21.0,-34.375
810,2015,New Brunswick,2016A000213,Doctorate,Number of graduates,Number,0.0,0.0
811,2015,New Brunswick,2016A000213,Doctorate,Females,Percent,51.0,24.390243902439025
812,2015,New Brunswick,2016A000213,Doctorate,Average age at graduation,Years,37.0,-2.631578947368421
813,2015,New Brunswick,2016A000213,Doctorate,Median age at graduation,Years,34.0,-2.857142857142857
814,2015,New Brunswick,2016A000213,Doctorate,Under age 25 at graduation,Percent,0.0,0.0
815,2015,New Brunswick,2016A000213,Doctorate,Pursued further postsecondary education between graduation and time of interview,Percent,0.0,0.0
816,2015,Quebec,2016A000224,College,Number of graduates,Number,29800.0,9.558823529411764
817,2015,Quebec,2016A000224,College,Females,Percent,59.0,1.7241379310344827
818,2015,Quebec,2016A000224,College,Average age at graduation,Years,27.0,-6.896551724137931
819,2015,Quebec,2016A000224,College,Median age at graduation,Years,23.0,-4.166666666666666
820,2015,Quebec,2016A000224,College,Under age 25 at graduation,Percent,56.0,5.660377358490567
821,2015,Quebec,2016A000224,College,Pursued further postsecondary education between graduation and time of interview,Percent,46.0,24.324324324324326
822,2015,Quebec,2016A000224,Bachelor's,Number of graduates,Number,54900.0,12.962962962962962
823,2015,Quebec,2016A000224,Bachelor's,Females,Percent,60.0,0.0
824,2015,Quebec,2016A000224,Bachelor's,Average age at graduation,Years,27.0,-3.571428571428571
825,2015,Quebec,2016A000224,Bachelor's,Median age at graduation,Years,24.0,-4.0
826,2015,Quebec,2016A000224,Bachelor's,Under age 25 at graduation,Percent,54.0,22.727272727272727
827,2015,Quebec,2016A000224,Bachelor's,Pursued further postsecondary education between graduation and time of interview,Percent,53.0,8.16326530612245
828,2015,Quebec,2016A000224,Master's,Number of graduates,Number,23400.0,47.16981132075472
829,2015,Quebec,2016A000224,Master's,Females,Percent,58.0,-10.76923076923077
830,2015,Quebec,2016A000224,Master's,Average age at graduation,Years,31.0,-6.0606060606060606
831,2015,Quebec,2016A000224,Master's,Median age at graduation,Years,29.0,-3.3333333333333335
832,2015,Quebec,2016A000224,Master's,Under age 25 at graduation,Percent,20.0,100.0
833,2015,Quebec,2016A000224,Master's,Pursued further postsecondary education between graduation and time of interview,Percent,29.0,-14.705882352941178
834,2015,Quebec,2016A000224,Doctorate,Number of graduates,Number,1800.0,-30.76923076923077
835,2015,Quebec,2016A000224,Doctorate,Females,Percent,47.0,-12.962962962962962
836,2015,Quebec,2016A000224,Doctorate,Average age at graduation,Years,34.0,6.25
837,2015,Quebec,2016A000224,Doctorate,Median age at graduation,Years,32.0,3.225806451612903
838,2015,Quebec,2016A000224,Doctorate,Under age 25 at graduation,Percent,1.0,0.0
839,2015,Quebec,2016A000224,Doctorate,Pursued further postsecondary education between graduation and time of interview,Percent,19.0,-17.391304347826086
840,2015,Ontario,2016A000235,College,Number of graduates,Number,61100.0,0.9917355371900827
841,2015,Ontario,2016A000235,College,Females,Percent,54.0,-5.263157894736842
842,2015,Ontario,2016A000235,College,Average age at graduation,Years,25.0,-7.4074074074074066
843,2015,Ontario,2016A000235,College,Median age at graduation,Years,23.0,0.0
844,2015,Ontario,2016A000235,College,Under age 25 at graduation,Percent,63.0,6.779661016949152
845,2015,Ontario,2016A000235,College,Pursued further postsecondary education between graduation and time of interview,Percent,35.0,-2.7777777777777777
846,2015,Ontario,2016A000235,Bachelor's,Number of graduates,Number,83000.0,8.213820078226858
847,2015,Ontario,2016A000235,Bachelor's,Females,Percent,62.0,-1.5873015873015872
848,2015,Ontario,2016A000235,Bachelor's,Average age at graduation,Years,24.0,-4.0
849,2015,Ontario,2016A000235,Bachelor's,Median age at graduation,Years,22.0,-4.3478260869565215
850,2015,Ontario,2016A000235,Bachelor's,Under age 25 at graduation,Percent,77.0,8.450704225352112
851,2015,Ontario,2016A000235,Bachelor's,Pursued further postsecondary education between graduation and time of interview,Percent,48.0,-7.6923076923076925
852,2015,Ontario,2016A000235,Master's,Number of graduates,Number,22900.0,18.65284974093264
853,2015,Ontario,2016A000235,Master's,Females,Percent,57.0,-6.557377049180328
854,2015,Ontario,2016A000235,Master's,Average age at graduation,Years,29.0,0.0
855,2015,Ontario,2016A000235,Master's,Median age at graduation,Years,26.0,-3.7037037037037033
856,2015,Ontario,2016A000235,Master's,Under age 25 at graduation,Percent,30.0,20.0
857,2015,Ontario,2016A000235,Master's,Pursued further postsecondary education between graduation and time of interview,Percent,26.0,-23.52941176470588
858,2015,Ontario,2016A000235,Doctorate,Number of graduates,Number,2400.0,9.090909090909092
859,2015,Ontario,2016A000235,Doctorate,Females,Percent,48.0,2.127659574468085
860,2015,Ontario,2016A000235,Doctorate,Average age at graduation,Years,35.0,0.0
861,2015,Ontario,2016A000235,Doctorate,Median age at graduation,Years,32.0,-3.0303030303030303
862,2015,Ontario,2016A000235,Doctorate,Under age 25 at graduation,Percent,0.0,0.0
863,2015,Ontario,2016A000235,Doctorate,Pursued further postsecondary education between graduation and time of interview,Percent,12.0,33.33333333333333
864,2015,Manitoba,2016A000246,College,Number of graduates,Number,3900.0,0.0
865,2015,Manitoba,2016A000246,College,Females,Percent,53.0,-10.16949152542373
866,2015,Manitoba,2016A000246,College,Average age at graduation,Years,27.0,-3.571428571428571
867,2015,Manitoba,2016A000246,College,Median age at graduation,Years,23.0,-8.0
868,2015,Manitoba,2016A000246,College,Under age 25 at graduation,Percent,57.0,16.3265306122449
869,2015,Manitoba,2016A000246,College,Pursued further postsecondary education between graduation and time of interview,Percent,24.0,-7.6923076923076925
870,2015,Manitoba,2016A000246,Bachelor's,Number of graduates,Number,6000.0,-1.639344262295082
871,2015,Manitoba,2016A000246,Bachelor's,Females,Percent,60.0,0.0
872,2015,Manitoba,2016A000246,Bachelor's,Average age at graduation,Years,26.0,-3.7037037037037033
873,2015,Manitoba,2016A000246,Bachelor's,Median age at graduation,Years,24.0,0.0
874,2015,Manitoba,2016A000246,Bachelor's,Under age 25 at graduation,Percent,60.0,13.20754716981132
875,2015,Manitoba,2016A000246,Bachelor's,Pursued further postsecondary education between graduation and time of interview,Percent,40.0,-11.11111111111111
876,2015,Manitoba,2016A000246,Master's,Number of graduates,Number,1300.0,30.0
877,2015,Manitoba,2016A000246,Master's,Females,Percent,60.0,1.694915254237288
878,2015,Manitoba,2016A000246,Master's,Average age at graduation,Years,33.0,-2.941176470588235
879,2015,Manitoba,2016A000246,Master's,Median age at graduation,Years,30.0,-3.225806451612903
880,2015,Manitoba,2016A000246,Master's,Under age 25 at graduation,Percent,11.0,0.0
881,2015,Manitoba,2016A000246,Master's,Pursued further postsecondary education between graduation and time of interview,Percent,23.0,-17.857142857142858
882,2015,Manitoba,2016A000246,Doctorate,Number of graduates,Number,200.0,100.0
883,2015,Manitoba,2016A000246,Doctorate,Females,Percent,48.0,-20.0
884,2015,Manitoba,2016A000246,Doctorate,Average age at graduation,Years,36.0,-7.6923076923076925
885,2015,Manitoba,2016A000246,Doctorate,Median age at graduation,Years,34.0,-10.526315789473683
886,2015,Manitoba,2016A000246,Doctorate,Under age 25 at graduation,Percent,0.0,0.0
887,2015,Manitoba,2016A000246,Doctorate,Pursued further postsecondary education between graduation and time of interview,Percent,9.0,0.0
888,2015,Saskatchewan,2016A000247,College,Number of graduates,Number,3300.0,-5.714285714285714
889,2015,Saskatchewan,2016A000247,College,Females,Percent,57.0,7.547169811320755
890,2015,Saskatchewan,2016A000247,College,Average age at graduation,Years,26.0,-7.142857142857142
891,2015,Saskatchewan,2016A000247,College,Median age at graduation,Years,23.0,-4.166666666666666
892,2015,Saskatchewan,2016A000247,College,Under age 25 at graduation,Percent,57.0,7.547169811320755
893,2015,Saskatchewan,2016A000247,College,Pursued further postsecondary education between graduation and time of interview,Percent,31.0,3.3333333333333335
894,2015,Saskatchewan,2016A000247,Bachelor's,Number of graduates,Number,5000.0,-5.660377358490567
895,2015,Saskatchewan,2016A000247,Bachelor's,Females,Percent,62.0,1.639344262295082
896,2015,Saskatchewan,2016A000247,Bachelor's,Average age at graduation,Years,26.0,0.0
897,2015,Saskatchewan,2016A000247,Bachelor's,Median age at graduation,Years,24.0,0.0
898,2015,Saskatchewan,2016A000247,Bachelor's,Under age 25 at graduation,Percent,58.0,1.7543859649122806
899,2015,Saskatchewan,2016A000247,Bachelor's,Pursued further postsecondary education between graduation and time of interview,Percent,33.0,-2.941176470588235
900,2015,Saskatchewan,2016A000247,Master's,Number of graduates,Number,1300.0,30.0
901,2015,Saskatchewan,2016A000247,Master's,Females,Percent,59.0,5.357142857142857
902,2015,Saskatchewan,2016A000247,Master's,Average age at graduation,Years,32.0,-8.571428571428571
903,2015,Saskatchewan,2016A000247,Master's,Median age at graduation,Years,29.0,-6.451612903225806
904,2015,Saskatchewan,2016A000247,Master's,Under age 25 at graduation,Percent,12.0,50.0
905,2015,Saskatchewan,2016A000247,Master's,Pursued further postsecondary education between graduation and time of interview,Percent,24.0,-4.0
906,2015,Saskatchewan,2016A000247,Doctorate,Number of graduates,Number,200.0,0.0
907,2015,Saskatchewan,2016A000247,Doctorate,Females,Percent,45.0,-15.09433962264151
908,2015,Saskatchewan,2016A000247,Doctorate,Average age at graduation,Years,36.0,5.88235294117647
909,2015,Saskatchewan,2016A000247,Doctorate,Median age at graduation,Years,33.0,-2.941176470588235
910,2015,Saskatchewan,2016A000247,Doctorate,Under age 25 at graduation,Percent,0.0,0.0
911,2015,Saskatchewan,2016A000247,Doctorate,Pursued further postsecondary education between graduation and time of interview,Percent,10.0,-61.53846153846154
912,2015,Alberta,2016A000248,College,Number of graduates,Number,16400.0,24.242424242424242
913,2015,Alberta,2016A000248,College,Females,Percent,61.0,7.017543859649122
914,2015,Alberta,2016A000248,College,Average age at graduation,Years,26.0,-3.7037037037037033
915,2015,Alberta,2016A000248,College,Median age at graduation,Years,23.0,0.0
916,2015,Alberta,2016A000248,College,Under age 25 at graduation,Percent,57.0,0.0
917,2015,Alberta,2016A000248,College,Pursued further postsecondary education between graduation and time of interview,Percent,34.0,3.0303030303030303
918,2015,Alberta,2016A000248,Bachelor's,Number of graduates,Number,17400.0,-3.867403314917127
919,2015,Alberta,2016A000248,Bachelor's,Females,Percent,61.0,1.6666666666666667
920,2015,Alberta,2016A000248,Bachelor's,Average age at graduation,Years,25.0,-3.8461538461538463
921,2015,Alberta,2016A000248,Bachelor's,Median age at graduation,Years,23.0,-4.166666666666666
922,2015,Alberta,2016A000248,Bachelor's,Under age 25 at graduation,Percent,64.0,10.344827586206897
923,2015,Alberta,2016A000248,Bachelor's,Pursued further postsecondary education between graduation and time of interview,Percent,36.0,-20.0
924,2015,Alberta,2016A000248,Master's,Number of graduates,Number,4200.0,23.52941176470588
925,2015,Alberta,2016A000248,Master's,Females,Percent,63.0,5.0
926,2015,Alberta,2016A000248,Master's,Average age at graduation,Years,33.0,-5.714285714285714
927,2015,Alberta,2016A000248,Master's,Median age at graduation,Years,31.0,-6.0606060606060606
928,2015,Alberta,2016A000248,Master's,Under age 25 at graduation,Percent,10.0,42.857142857142854
929,2015,Alberta,2016A000248,Master's,Pursued further postsecondary education between graduation and time of interview,Percent,22.0,-4.3478260869565215
930,2015,Alberta,2016A000248,Doctorate,Number of graduates,Number,500.0,-28.57142857142857
931,2015,Alberta,2016A000248,Doctorate,Females,Percent,46.0,0.0
932,2015,Alberta,2016A000248,Doctorate,Average age at graduation,Years,36.0,2.857142857142857
933,2015,Alberta,2016A000248,Doctorate,Median age at graduation,Years,33.0,0.0
934,2015,Alberta,2016A000248,Doctorate,Under age 25 at graduation,Percent,0.0,0.0
935,2015,Alberta,2016A000248,Doctorate,Pursued further postsecondary education between graduation and time of interview,Percent,10.0,0.0
936,2015,British Columbia,2016A000259,College,Number of graduates,Number,24400.0,28.421052631578945
937,2015,British Columbia,2016A000259,College,Females,Percent,53.0,-1.8518518518518516
938,2015,British Columbia,2016A000259,College,Average age at graduation,Years,29.0,-3.3333333333333335
939,2015,British Columbia,2016A000259,College,Median age at graduation,Years,25.0,0.0
940,2015,British Columbia,2016A000259,College,Under age 25 at graduation,Percent,47.0,4.444444444444445
941,2015,British Columbia,2016A000259,College,Pursued further postsecondary education between graduation and time of interview,Percent,39.0,8.333333333333332
942,2015,British Columbia,2016A000259,Bachelor's,Number of graduates,Number,23500.0,-13.602941176470587
943,2015,British Columbia,2016A000259,Bachelor's,Females,Percent,60.0,3.4482758620689653
944,2015,British Columbia,2016A000259,Bachelor's,Average age at graduation,Years,26.0,-3.7037037037037033
945,2015,British Columbia,2016A000259,Bachelor's,Median age at graduation,Years,24.0,0.0
946,2015,British Columbia,2016A000259,Bachelor's,Under age 25 at graduation,Percent,59.0,18.0
947,2015,British Columbia,2016A000259,Bachelor's,Pursued further postsecondary education between graduation and time of interview,Percent,41.0,-10.869565217391305
948,2015,British Columbia,2016A000259,Master's,Number of graduates,Number,6000.0,20.0
949,2015,British Columbia,2016A000259,Master's,Females,Percent,58.0,-6.451612903225806
950,2015,British Columbia,2016A000259,Master's,Average age at graduation,Years,33.0,-2.941176470588235
951,2015,British Columbia,2016A000259,Master's,Median age at graduation,Years,30.0,-3.225806451612903
952,2015,British Columbia,2016A000259,Master's,Under age 25 at graduation,Percent,13.0,30.0
953,2015,British Columbia,2016A000259,Master's,Pursued further postsecondary education between graduation and time of interview,Percent,27.0,-3.571428571428571
954,2015,British Columbia,2016A000259,Doctorate,Number of graduates,Number,500.0,-28.57142857142857
955,2015,British Columbia,2016A000259,Doctorate,Females,Percent,49.0,-2.0
956,2015,British Columbia,2016A000259,Doctorate,Average age at graduation,Years,35.0,-5.405405405405405
957,2015,British Columbia,2016A000259,Doctorate,Median age at graduation,Years,32.0,-5.88235294117647
958,2015,British Columbia,2016A000259,Doctorate,Under age 25 at graduation,Percent,0.0,0.0
959,2015,British Columbia,2016A000259,Doctorate,Pursued further postsecondary education between graduation and time of interview,Percent,9.0,0.0
